"pet_id","species_name","stay_period_months","avg_stay_period_months","stay_state__from_avg"
2,"Hamster","5.95","11.79","Stayed Below Average"
3,"Fish","0.36","22.53","Stayed Below Average"
4,"Dog","15.62","23.88","Stayed Below Average"
5,"Cat","1.26","18.70","Stayed Below Average"
7,"Bird","1.46","27.80","Stayed Below Average"
8,"Lizard","12.66","18.82","Stayed Below Average"
13,"Cat","11.43","18.70","Stayed Below Average"
18,"Dog","2.10","23.88","Stayed Below Average"
19,"Rabbit","4.30","15.57","Stayed Below Average"
20,"Dog","11.82","23.88","Stayed Below Average"
21,"Guinea Pig","26.07","26.98","Stayed Below Average"
22,"Cat","9.39","18.70","Stayed Below Average"
26,"Lizard","11.85","18.82","Stayed Below Average"
27,"Cat","4.53","18.70","Stayed Below Average"
29,"Rabbit","0.10","15.57","Stayed Below Average"
31,"Dog","16.30","23.88","Stayed Below Average"
32,"Cat","17.82","18.70","Stayed Below Average"
33,"Cat","10.39","18.70","Stayed Below Average"
35,"Guinea Pig","5.30","26.98","Stayed Below Average"
36,"Guinea Pig","5.89","26.98","Stayed Below Average"
37,"Bird","1.33","27.80","Stayed Below Average"
38,"Dog","12.33","23.88","Stayed Below Average"
39,"Dog","11.39","23.88","Stayed Below Average"
41,"Cat","5.03","18.70","Stayed Below Average"
44,"Dog","6.30","23.88","Stayed Below Average"
45,"Dog","15.85","23.88","Stayed Below Average"
46,"Dog","1.36","23.88","Stayed Below Average"
47,"Hamster","0.82","11.79","Stayed Below Average"
49,"Dog","4.26","23.88","Stayed Below Average"
50,"Dog","6.20","23.88","Stayed Below Average"
52,"Cat","6.16","18.70","Stayed Below Average"
58,"Cat","14.79","18.70","Stayed Below Average"
59,"Lizard","9.39","18.82","Stayed Below Average"
60,"Cat","3.56","18.70","Stayed Below Average"
63,"Turtle","4.82","35.53","Stayed Below Average"
65,"Cat","0.07","18.70","Stayed Below Average"
66,"Cat","6.03","18.70","Stayed Below Average"
69,"Guinea Pig","12.23","26.98","Stayed Below Average"
70,"Dog","7.82","23.88","Stayed Below Average"
74,"Cat","13.03","18.70","Stayed Below Average"
81,"Lizard","1.72","18.82","Stayed Below Average"
83,"Cat","13.72","18.70","Stayed Below Average"
85,"Guinea Pig","8.26","26.98","Stayed Below Average"
92,"Dog","3.69","23.88","Stayed Below Average"
94,"Cat","4.10","18.70","Stayed Below Average"
96,"Dog","2.00","23.88","Stayed Below Average"
97,"Guinea Pig","2.33","26.98","Stayed Below Average"
101,"Cat","4.00","18.70","Stayed Below Average"
103,"Dog","12.72","23.88","Stayed Below Average"
105,"Snake","0.76","15.70","Stayed Below Average"
108,"Bird","0.95","27.80","Stayed Below Average"
109,"Cat","8.53","18.70","Stayed Below Average"
111,"Dog","16.36","23.88","Stayed Below Average"
113,"Cat","7.76","18.70","Stayed Below Average"
114,"Bird","9.13","27.80","Stayed Below Average"
115,"Cat","3.36","18.70","Stayed Below Average"
121,"Dog","8.36","23.88","Stayed Below Average"
122,"Cat","0.33","18.70","Stayed Below Average"
126,"Cat","0.10","18.70","Stayed Below Average"
127,"Rabbit","14.20","15.57","Stayed Below Average"
130,"Dog","6.36","23.88","Stayed Below Average"
131,"Dog","15.10","23.88","Stayed Below Average"
132,"Cat","0.76","18.70","Stayed Below Average"
133,"Lizard","12.95","18.82","Stayed Below Average"
134,"Cat","5.23","18.70","Stayed Below Average"
135,"Guinea Pig","15.16","26.98","Stayed Below Average"
139,"Cat","10.07","18.70","Stayed Below Average"
141,"Hamster","2.72","11.79","Stayed Below Average"
144,"Dog","5.82","23.88","Stayed Below Average"
145,"Cat","3.00","18.70","Stayed Below Average"
149,"Cat","6.36","18.70","Stayed Below Average"
150,"Cat","1.10","18.70","Stayed Below Average"
156,"Guinea Pig","11.62","26.98","Stayed Below Average"
157,"Dog","8.79","23.88","Stayed Below Average"
159,"Dog","12.82","23.88","Stayed Below Average"
162,"Rabbit","1.62","15.57","Stayed Below Average"
163,"Cat","2.26","18.70","Stayed Below Average"
164,"Cat","4.33","18.70","Stayed Below Average"
166,"Dog","7.43","23.88","Stayed Below Average"
167,"Dog","10.46","23.88","Stayed Below Average"
172,"Hamster","2.95","11.79","Stayed Below Average"
175,"Cat","6.07","18.70","Stayed Below Average"
177,"Dog","8.16","23.88","Stayed Below Average"
180,"Cat","12.23","18.70","Stayed Below Average"
181,"Guinea Pig","0.30","26.98","Stayed Below Average"
184,"Dog","15.13","23.88","Stayed Below Average"
190,"Cat","15.56","18.70","Stayed Below Average"
192,"Fish","7.76","22.53","Stayed Below Average"
195,"Dog","3.62","23.88","Stayed Below Average"
196,"Dog","10.20","23.88","Stayed Below Average"
197,"Hamster","3.30","11.79","Stayed Below Average"
200,"Cat","3.13","18.70","Stayed Below Average"
204,"Cat","11.56","18.70","Stayed Below Average"
205,"Dog","2.16","23.88","Stayed Below Average"
206,"Cat","13.10","18.70","Stayed Below Average"
207,"Guinea Pig","8.26","26.98","Stayed Below Average"
208,"Dog","5.26","23.88","Stayed Below Average"
210,"Lizard","8.56","18.82","Stayed Below Average"
212,"Snake","8.20","15.70","Stayed Below Average"
213,"Hamster","5.66","11.79","Stayed Below Average"
214,"Cat","0.56","18.70","Stayed Below Average"
217,"Cat","2.16","18.70","Stayed Below Average"
218,"Cat","1.10","18.70","Stayed Below Average"
219,"Fish","3.00","22.53","Stayed Below Average"
223,"Dog","9.30","23.88","Stayed Below Average"
225,"Cat","12.72","18.70","Stayed Below Average"
226,"Cat","9.56","18.70","Stayed Below Average"
227,"Cat","0.56","18.70","Stayed Below Average"
229,"Dog","4.69","23.88","Stayed Below Average"
232,"Rabbit","14.99","15.57","Stayed Below Average"
233,"Cat","2.53","18.70","Stayed Below Average"
234,"Cat","3.89","18.70","Stayed Below Average"
236,"Cat","18.69","18.70","Stayed Below Average"
239,"Rabbit","14.26","15.57","Stayed Below Average"
241,"Guinea Pig","7.66","26.98","Stayed Below Average"
243,"Cat","6.95","18.70","Stayed Below Average"
244,"Dog","5.69","23.88","Stayed Below Average"
245,"Dog","0.36","23.88","Stayed Below Average"
247,"Snake","12.85","15.70","Stayed Below Average"
254,"Cat","8.00","18.70","Stayed Below Average"
255,"Cat","10.49","18.70","Stayed Below Average"
256,"Cat","10.33","18.70","Stayed Below Average"
259,"Cat","7.00","18.70","Stayed Below Average"
260,"Dog","4.10","23.88","Stayed Below Average"
263,"Cat","13.07","18.70","Stayed Below Average"
264,"Bird","21.92","27.80","Stayed Below Average"
267,"Guinea Pig","17.92","26.98","Stayed Below Average"
268,"Cat","10.26","18.70","Stayed Below Average"
269,"Cat","15.00","18.70","Stayed Below Average"
271,"Lizard","8.59","18.82","Stayed Below Average"
272,"Cat","2.66","18.70","Stayed Below Average"
274,"Cat","16.30","18.70","Stayed Below Average"
276,"Rabbit","2.46","15.57","Stayed Below Average"
277,"Dog","1.16","23.88","Stayed Below Average"
279,"Hamster","6.72","11.79","Stayed Below Average"
280,"Cat","7.20","18.70","Stayed Below Average"
281,"Cat","6.30","18.70","Stayed Below Average"
284,"Guinea Pig","3.26","26.98","Stayed Below Average"
287,"Bird","15.59","27.80","Stayed Below Average"
290,"Cat","4.56","18.70","Stayed Below Average"
293,"Hamster","0.23","11.79","Stayed Below Average"
295,"Dog","10.56","23.88","Stayed Below Average"
296,"Cat","3.07","18.70","Stayed Below Average"
298,"Dog","19.20","23.88","Stayed Below Average"
300,"Lizard","17.33","18.82","Stayed Below Average"
301,"Dog","10.16","23.88","Stayed Below Average"
303,"Cat","9.82","18.70","Stayed Below Average"
304,"Dog","12.69","23.88","Stayed Below Average"
306,"Cat","1.53","18.70","Stayed Below Average"
308,"Dog","19.92","23.88","Stayed Below Average"
309,"Hamster","5.92","11.79","Stayed Below Average"
311,"Guinea Pig","19.76","26.98","Stayed Below Average"
313,"Bird","6.53","27.80","Stayed Below Average"
314,"Cat","7.13","18.70","Stayed Below Average"
315,"Dog","5.92","23.88","Stayed Below Average"
316,"Hamster","10.46","11.79","Stayed Below Average"
317,"Rabbit","1.89","15.57","Stayed Below Average"
325,"Dog","11.26","23.88","Stayed Below Average"
326,"Dog","2.59","23.88","Stayed Below Average"
327,"Dog","22.66","23.88","Stayed Below Average"
328,"Cat","13.66","18.70","Stayed Below Average"
329,"Cat","5.79","18.70","Stayed Below Average"
330,"Dog","11.79","23.88","Stayed Below Average"
331,"Dog","3.89","23.88","Stayed Below Average"
332,"Bird","4.99","27.80","Stayed Below Average"
333,"Dog","2.95","23.88","Stayed Below Average"
336,"Dog","14.36","23.88","Stayed Below Average"
337,"Parrot","1.07","32.05","Stayed Below Average"
340,"Dog","9.85","23.88","Stayed Below Average"
342,"Bird","12.89","27.80","Stayed Below Average"
344,"Cat","13.23","18.70","Stayed Below Average"
348,"Cat","4.85","18.70","Stayed Below Average"
349,"Cat","4.69","18.70","Stayed Below Average"
351,"Cat","7.62","18.70","Stayed Below Average"
355,"Bird","19.76","27.80","Stayed Below Average"
357,"Cat","7.00","18.70","Stayed Below Average"
358,"Fish","22.43","22.53","Stayed Below Average"
359,"Cat","11.49","18.70","Stayed Below Average"
364,"Cat","13.69","18.70","Stayed Below Average"
366,"Cat","6.89","18.70","Stayed Below Average"
367,"Cat","1.99","18.70","Stayed Below Average"
368,"Guinea Pig","6.39","26.98","Stayed Below Average"
369,"Dog","3.13","23.88","Stayed Below Average"
371,"Cat","3.62","18.70","Stayed Below Average"
372,"Dog","9.72","23.88","Stayed Below Average"
375,"Dog","7.23","23.88","Stayed Below Average"
378,"Dog","5.53","23.88","Stayed Below Average"
379,"Dog","6.30","23.88","Stayed Below Average"
382,"Dog","2.13","23.88","Stayed Below Average"
383,"Rabbit","15.30","15.57","Stayed Below Average"
385,"Cat","14.85","18.70","Stayed Below Average"
386,"Cat","0.23","18.70","Stayed Below Average"
389,"Dog","8.62","23.88","Stayed Below Average"
391,"Cat","1.46","18.70","Stayed Below Average"
392,"Dog","5.59","23.88","Stayed Below Average"
393,"Dog","5.23","23.88","Stayed Below Average"
395,"Hamster","5.23","11.79","Stayed Below Average"
397,"Cat","8.30","18.70","Stayed Below Average"
398,"Cat","17.82","18.70","Stayed Below Average"
399,"Bird","4.89","27.80","Stayed Below Average"
400,"Lizard","16.36","18.82","Stayed Below Average"
406,"Dog","5.69","23.88","Stayed Below Average"
409,"Guinea Pig","0.89","26.98","Stayed Below Average"
414,"Dog","4.66","23.88","Stayed Below Average"
415,"Hamster","0.30","11.79","Stayed Below Average"
417,"Dog","9.59","23.88","Stayed Below Average"
418,"Dog","8.20","23.88","Stayed Below Average"
419,"Fish","2.43","22.53","Stayed Below Average"
422,"Dog","19.59","23.88","Stayed Below Average"
423,"Fish","9.43","22.53","Stayed Below Average"
424,"Cat","16.20","18.70","Stayed Below Average"
428,"Cat","13.82","18.70","Stayed Below Average"
430,"Cat","10.30","18.70","Stayed Below Average"
431,"Dog","3.16","23.88","Stayed Below Average"
433,"Fish","3.62","22.53","Stayed Below Average"
434,"Rabbit","4.95","15.57","Stayed Below Average"
435,"Dog","5.69","23.88","Stayed Below Average"
439,"Dog","5.16","23.88","Stayed Below Average"
440,"Cat","0.39","18.70","Stayed Below Average"
441,"Fish","17.72","22.53","Stayed Below Average"
444,"Cat","10.07","18.70","Stayed Below Average"
447,"Dog","14.79","23.88","Stayed Below Average"
448,"Cat","6.23","18.70","Stayed Below Average"
450,"Dog","21.13","23.88","Stayed Below Average"
452,"Dog","20.33","23.88","Stayed Below Average"
453,"Cat","10.62","18.70","Stayed Below Average"
456,"Bird","3.49","27.80","Stayed Below Average"
458,"Cat","2.16","18.70","Stayed Below Average"
459,"Cat","3.92","18.70","Stayed Below Average"
463,"Dog","22.13","23.88","Stayed Below Average"
466,"Dog","5.85","23.88","Stayed Below Average"
467,"Cat","0.53","18.70","Stayed Below Average"
469,"Dog","1.43","23.88","Stayed Below Average"
471,"Cat","12.66","18.70","Stayed Below Average"
473,"Dog","8.56","23.88","Stayed Below Average"
477,"Dog","2.85","23.88","Stayed Below Average"
478,"Dog","12.16","23.88","Stayed Below Average"
479,"Dog","18.10","23.88","Stayed Below Average"
480,"Guinea Pig","20.69","26.98","Stayed Below Average"
485,"Dog","11.10","23.88","Stayed Below Average"
488,"Dog","1.53","23.88","Stayed Below Average"
494,"Dog","16.36","23.88","Stayed Below Average"
495,"Cat","7.69","18.70","Stayed Below Average"
497,"Dog","4.85","23.88","Stayed Below Average"
498,"Cat","15.72","18.70","Stayed Below Average"
502,"Dog","10.23","23.88","Stayed Below Average"
503,"Dog","0.13","23.88","Stayed Below Average"
508,"Dog","1.59","23.88","Stayed Below Average"
510,"Dog","11.53","23.88","Stayed Below Average"
511,"Parrot","4.53","32.05","Stayed Below Average"
512,"Cat","8.59","18.70","Stayed Below Average"
513,"Cat","13.76","18.70","Stayed Below Average"
514,"Cat","10.59","18.70","Stayed Below Average"
516,"Cat","6.49","18.70","Stayed Below Average"
518,"Lizard","16.89","18.82","Stayed Below Average"
520,"Cat","12.39","18.70","Stayed Below Average"
521,"Cat","12.10","18.70","Stayed Below Average"
522,"Hamster","3.03","11.79","Stayed Below Average"
523,"Cat","2.56","18.70","Stayed Below Average"
526,"Cat","0.79","18.70","Stayed Below Average"
529,"Fish","0.07","22.53","Stayed Below Average"
530,"Cat","1.56","18.70","Stayed Below Average"
532,"Dog","6.95","23.88","Stayed Below Average"
533,"Dog","1.76","23.88","Stayed Below Average"
535,"Guinea Pig","4.82","26.98","Stayed Below Average"
538,"Snake","1.07","15.70","Stayed Below Average"
539,"Cat","4.82","18.70","Stayed Below Average"
543,"Cat","16.23","18.70","Stayed Below Average"
544,"Cat","0.03","18.70","Stayed Below Average"
546,"Dog","4.26","23.88","Stayed Below Average"
547,"Dog","19.00","23.88","Stayed Below Average"
548,"Cat","5.62","18.70","Stayed Below Average"
549,"Dog","21.39","23.88","Stayed Below Average"
551,"Dog","2.72","23.88","Stayed Below Average"
552,"Cat","2.53","18.70","Stayed Below Average"
553,"Fish","12.39","22.53","Stayed Below Average"
556,"Hamster","3.20","11.79","Stayed Below Average"
558,"Fish","19.13","22.53","Stayed Below Average"
559,"Dog","21.69","23.88","Stayed Below Average"
561,"Cat","2.10","18.70","Stayed Below Average"
562,"Guinea Pig","14.82","26.98","Stayed Below Average"
564,"Cat","8.13","18.70","Stayed Below Average"
566,"Cat","11.72","18.70","Stayed Below Average"
567,"Dog","15.62","23.88","Stayed Below Average"
568,"Fish","5.23","22.53","Stayed Below Average"
573,"Cat","2.92","18.70","Stayed Below Average"
575,"Snake","4.72","15.70","Stayed Below Average"
578,"Guinea Pig","3.69","26.98","Stayed Below Average"
586,"Dog","4.16","23.88","Stayed Below Average"
589,"Cat","17.03","18.70","Stayed Below Average"
590,"Guinea Pig","1.36","26.98","Stayed Below Average"
592,"Dog","5.03","23.88","Stayed Below Average"
594,"Dog","11.23","23.88","Stayed Below Average"
601,"Cat","9.92","18.70","Stayed Below Average"
607,"Fish","2.72","22.53","Stayed Below Average"
610,"Guinea Pig","20.66","26.98","Stayed Below Average"
611,"Dog","1.59","23.88","Stayed Below Average"
612,"Dog","2.72","23.88","Stayed Below Average"
613,"Snake","1.33","15.70","Stayed Below Average"
616,"Dog","8.03","23.88","Stayed Below Average"
618,"Dog","3.43","23.88","Stayed Below Average"
621,"Dog","8.33","23.88","Stayed Below Average"
622,"Dog","16.26","23.88","Stayed Below Average"
625,"Dog","9.49","23.88","Stayed Below Average"
626,"Hamster","1.07","11.79","Stayed Below Average"
627,"Lizard","4.20","18.82","Stayed Below Average"
629,"Cat","17.16","18.70","Stayed Below Average"
631,"Cat","13.85","18.70","Stayed Below Average"
633,"Guinea Pig","0.92","26.98","Stayed Below Average"
635,"Dog","10.99","23.88","Stayed Below Average"
636,"Dog","21.20","23.88","Stayed Below Average"
637,"Cat","1.89","18.70","Stayed Below Average"
640,"Cat","0.89","18.70","Stayed Below Average"
643,"Cat","17.82","18.70","Stayed Below Average"
645,"Dog","22.79","23.88","Stayed Below Average"
646,"Hamster","9.59","11.79","Stayed Below Average"
650,"Dog","17.46","23.88","Stayed Below Average"
651,"Guinea Pig","25.13","26.98","Stayed Below Average"
652,"Cat","8.13","18.70","Stayed Below Average"
654,"Cat","15.92","18.70","Stayed Below Average"
655,"Cat","0.36","18.70","Stayed Below Average"
656,"Fish","4.36","22.53","Stayed Below Average"
658,"Dog","14.72","23.88","Stayed Below Average"
660,"Rabbit","5.82","15.57","Stayed Below Average"
663,"Dog","6.16","23.88","Stayed Below Average"
664,"Cat","13.82","18.70","Stayed Below Average"
665,"Guinea Pig","12.76","26.98","Stayed Below Average"
666,"Bird","6.33","27.80","Stayed Below Average"
667,"Dog","16.46","23.88","Stayed Below Average"
672,"Cat","16.26","18.70","Stayed Below Average"
676,"Dog","2.62","23.88","Stayed Below Average"
679,"Dog","6.49","23.88","Stayed Below Average"
680,"Rabbit","1.53","15.57","Stayed Below Average"
681,"Cat","14.16","18.70","Stayed Below Average"
683,"Cat","2.26","18.70","Stayed Below Average"
685,"Dog","6.13","23.88","Stayed Below Average"
686,"Parrot","0.56","32.05","Stayed Below Average"
687,"Dog","3.36","23.88","Stayed Below Average"
688,"Dog","17.00","23.88","Stayed Below Average"
689,"Dog","0.23","23.88","Stayed Below Average"
691,"Cat","5.53","18.70","Stayed Below Average"
692,"Dog","21.10","23.88","Stayed Below Average"
695,"Cat","8.82","18.70","Stayed Below Average"
697,"Guinea Pig","3.10","26.98","Stayed Below Average"
698,"Dog","10.13","23.88","Stayed Below Average"
699,"Snake","3.53","15.70","Stayed Below Average"
700,"Guinea Pig","23.13","26.98","Stayed Below Average"
701,"Dog","20.03","23.88","Stayed Below Average"
702,"Lizard","9.76","18.82","Stayed Below Average"
705,"Fish","10.00","22.53","Stayed Below Average"
708,"Rabbit","8.92","15.57","Stayed Below Average"
710,"Cat","14.95","18.70","Stayed Below Average"
711,"Cat","13.56","18.70","Stayed Below Average"
714,"Dog","5.43","23.88","Stayed Below Average"
715,"Cat","10.30","18.70","Stayed Below Average"
718,"Hamster","8.69","11.79","Stayed Below Average"
719,"Fish","8.13","22.53","Stayed Below Average"
721,"Bird","14.10","27.80","Stayed Below Average"
722,"Dog","18.13","23.88","Stayed Below Average"
726,"Cat","4.79","18.70","Stayed Below Average"
727,"Cat","0.92","18.70","Stayed Below Average"
728,"Guinea Pig","8.00","26.98","Stayed Below Average"
730,"Dog","20.46","23.88","Stayed Below Average"
732,"Dog","13.79","23.88","Stayed Below Average"
735,"Dog","15.66","23.88","Stayed Below Average"
739,"Dog","12.66","23.88","Stayed Below Average"
740,"Bird","4.92","27.80","Stayed Below Average"
741,"Guinea Pig","10.89","26.98","Stayed Below Average"
742,"Dog","1.82","23.88","Stayed Below Average"
743,"Dog","22.20","23.88","Stayed Below Average"
744,"Hamster","6.39","11.79","Stayed Below Average"
745,"Cat","6.95","18.70","Stayed Below Average"
746,"Dog","2.46","23.88","Stayed Below Average"
747,"Guinea Pig","5.03","26.98","Stayed Below Average"
749,"Dog","20.53","23.88","Stayed Below Average"
753,"Cat","14.33","18.70","Stayed Below Average"
754,"Cat","14.26","18.70","Stayed Below Average"
757,"Cat","0.03","18.70","Stayed Below Average"
758,"Cat","2.39","18.70","Stayed Below Average"
760,"Turtle","14.62","35.53","Stayed Below Average"
761,"Dog","0.66","23.88","Stayed Below Average"
762,"Cat","0.66","18.70","Stayed Below Average"
763,"Dog","12.89","23.88","Stayed Below Average"
764,"Dog","1.03","23.88","Stayed Below Average"
768,"Lizard","10.23","18.82","Stayed Below Average"
769,"Dog","19.76","23.88","Stayed Below Average"
770,"Hamster","4.56","11.79","Stayed Below Average"
771,"Dog","16.72","23.88","Stayed Below Average"
774,"Rabbit","4.85","15.57","Stayed Below Average"
777,"Cat","15.00","18.70","Stayed Below Average"
778,"Hamster","3.49","11.79","Stayed Below Average"
779,"Cat","1.89","18.70","Stayed Below Average"
784,"Cat","5.30","18.70","Stayed Below Average"
787,"Cat","16.62","18.70","Stayed Below Average"
789,"Dog","3.79","23.88","Stayed Below Average"
792,"Cat","10.46","18.70","Stayed Below Average"
793,"Fish","14.56","22.53","Stayed Below Average"
794,"Fish","9.79","22.53","Stayed Below Average"
796,"Cat","7.92","18.70","Stayed Below Average"
799,"Rabbit","11.49","15.57","Stayed Below Average"
803,"Cat","11.07","18.70","Stayed Below Average"
804,"Snake","2.16","15.70","Stayed Below Average"
807,"Dog","15.20","23.88","Stayed Below Average"
808,"Guinea Pig","0.62","26.98","Stayed Below Average"
810,"Cat","12.99","18.70","Stayed Below Average"
811,"Bird","3.62","27.80","Stayed Below Average"
812,"Dog","3.46","23.88","Stayed Below Average"
814,"Snake","2.20","15.70","Stayed Below Average"
815,"Dog","7.36","23.88","Stayed Below Average"
817,"Fish","4.10","22.53","Stayed Below Average"
818,"Hamster","6.79","11.79","Stayed Below Average"
819,"Dog","0.26","23.88","Stayed Below Average"
826,"Guinea Pig","3.07","26.98","Stayed Below Average"
827,"Dog","3.07","23.88","Stayed Below Average"
829,"Dog","12.23","23.88","Stayed Below Average"
830,"Cat","13.33","18.70","Stayed Below Average"
831,"Cat","2.39","18.70","Stayed Below Average"
832,"Rabbit","0.53","15.57","Stayed Below Average"
836,"Rabbit","2.56","15.57","Stayed Below Average"
837,"Cat","9.85","18.70","Stayed Below Average"
839,"Cat","10.43","18.70","Stayed Below Average"
840,"Lizard","8.07","18.82","Stayed Below Average"
843,"Hamster","8.03","11.79","Stayed Below Average"
845,"Cat","1.33","18.70","Stayed Below Average"
848,"Guinea Pig","1.76","26.98","Stayed Below Average"
849,"Cat","1.66","18.70","Stayed Below Average"
851,"Fish","4.85","22.53","Stayed Below Average"
852,"Cat","12.69","18.70","Stayed Below Average"
853,"Cat","2.36","18.70","Stayed Below Average"
856,"Dog","14.72","23.88","Stayed Below Average"
858,"Dog","13.00","23.88","Stayed Below Average"
860,"Dog","5.82","23.88","Stayed Below Average"
861,"Cat","2.43","18.70","Stayed Below Average"
863,"Cat","17.85","18.70","Stayed Below Average"
865,"Dog","3.43","23.88","Stayed Below Average"
866,"Cat","7.76","18.70","Stayed Below Average"
867,"Cat","17.95","18.70","Stayed Below Average"
869,"Fish","17.72","22.53","Stayed Below Average"
872,"Dog","14.79","23.88","Stayed Below Average"
874,"Hamster","5.39","11.79","Stayed Below Average"
875,"Dog","14.72","23.88","Stayed Below Average"
877,"Cat","16.82","18.70","Stayed Below Average"
880,"Bird","17.49","27.80","Stayed Below Average"
882,"Cat","5.59","18.70","Stayed Below Average"
886,"Dog","7.49","23.88","Stayed Below Average"
888,"Dog","13.92","23.88","Stayed Below Average"
892,"Dog","3.10","23.88","Stayed Below Average"
893,"Dog","0.20","23.88","Stayed Below Average"
894,"Dog","5.85","23.88","Stayed Below Average"
898,"Dog","13.85","23.88","Stayed Below Average"
901,"Dog","20.95","23.88","Stayed Below Average"
907,"Fish","20.72","22.53","Stayed Below Average"
908,"Cat","17.69","18.70","Stayed Below Average"
909,"Guinea Pig","5.36","26.98","Stayed Below Average"
912,"Cat","8.13","18.70","Stayed Below Average"
915,"Bird","9.23","27.80","Stayed Below Average"
916,"Bird","9.43","27.80","Stayed Below Average"
918,"Cat","14.49","18.70","Stayed Below Average"
919,"Dog","5.36","23.88","Stayed Below Average"
920,"Cat","3.72","18.70","Stayed Below Average"
921,"Guinea Pig","18.43","26.98","Stayed Below Average"
922,"Snake","4.39","15.70","Stayed Below Average"
923,"Dog","20.79","23.88","Stayed Below Average"
925,"Snake","0.33","15.70","Stayed Below Average"
929,"Guinea Pig","3.33","26.98","Stayed Below Average"
933,"Cat","13.00","18.70","Stayed Below Average"
936,"Cat","10.43","18.70","Stayed Below Average"
938,"Guinea Pig","3.07","26.98","Stayed Below Average"
939,"Cat","0.92","18.70","Stayed Below Average"
940,"Guinea Pig","23.69","26.98","Stayed Below Average"
941,"Hamster","9.23","11.79","Stayed Below Average"
942,"Cat","2.99","18.70","Stayed Below Average"
943,"Cat","4.36","18.70","Stayed Below Average"
944,"Cat","5.85","18.70","Stayed Below Average"
946,"Dog","1.23","23.88","Stayed Below Average"
947,"Dog","15.53","23.88","Stayed Below Average"
949,"Dog","12.72","23.88","Stayed Below Average"
951,"Cat","10.13","18.70","Stayed Below Average"
953,"Cat","1.59","18.70","Stayed Below Average"
957,"Bird","15.92","27.80","Stayed Below Average"
961,"Dog","6.33","23.88","Stayed Below Average"
963,"Dog","9.66","23.88","Stayed Below Average"
964,"Cat","16.43","18.70","Stayed Below Average"
966,"Dog","5.53","23.88","Stayed Below Average"
967,"Guinea Pig","19.95","26.98","Stayed Below Average"
968,"Hamster","1.59","11.79","Stayed Below Average"
971,"Dog","9.26","23.88","Stayed Below Average"
975,"Dog","20.79","23.88","Stayed Below Average"
976,"Fish","10.33","22.53","Stayed Below Average"
977,"Dog","3.92","23.88","Stayed Below Average"
978,"Cat","2.72","18.70","Stayed Below Average"
985,"Lizard","15.10","18.82","Stayed Below Average"
991,"Dog","13.07","23.88","Stayed Below Average"
994,"Cat","6.69","18.70","Stayed Below Average"
998,"Lizard","4.03","18.82","Stayed Below Average"
999,"Dog","8.30","23.88","Stayed Below Average"
1000,"Cat","6.69","18.70","Stayed Below Average"
1001,"Cat","6.39","18.70","Stayed Below Average"
1002,"Fish","5.16","22.53","Stayed Below Average"
1003,"Cat","2.53","18.70","Stayed Below Average"
1004,"Dog","12.30","23.88","Stayed Below Average"
1006,"Bird","3.66","27.80","Stayed Below Average"
1007,"Guinea Pig","0.85","26.98","Stayed Below Average"
1009,"Parrot","19.00","32.05","Stayed Below Average"
1010,"Dog","13.95","23.88","Stayed Below Average"
1011,"Guinea Pig","7.62","26.98","Stayed Below Average"
1012,"Guinea Pig","23.56","26.98","Stayed Below Average"
1014,"Dog","23.82","23.88","Stayed Below Average"
1018,"Cat","13.30","18.70","Stayed Below Average"
1020,"Cat","14.79","18.70","Stayed Below Average"
1022,"Dog","13.49","23.88","Stayed Below Average"
1023,"Dog","2.23","23.88","Stayed Below Average"
1024,"Cat","1.20","18.70","Stayed Below Average"
1025,"Cat","5.46","18.70","Stayed Below Average"
1027,"Dog","1.16","23.88","Stayed Below Average"
1029,"Rabbit","5.89","15.57","Stayed Below Average"
1030,"Cat","2.16","18.70","Stayed Below Average"
1031,"Cat","0.13","18.70","Stayed Below Average"
1032,"Cat","17.72","18.70","Stayed Below Average"
1033,"Rabbit","8.03","15.57","Stayed Below Average"
1036,"Turtle","9.16","35.53","Stayed Below Average"
1038,"Cat","1.72","18.70","Stayed Below Average"
1040,"Cat","9.36","18.70","Stayed Below Average"
1042,"Cat","16.33","18.70","Stayed Below Average"
1045,"Dog","22.53","23.88","Stayed Below Average"
1046,"Cat","16.49","18.70","Stayed Below Average"
1047,"Dog","3.62","23.88","Stayed Below Average"
1049,"Dog","5.36","23.88","Stayed Below Average"
1051,"Cat","3.16","18.70","Stayed Below Average"
1053,"Cat","5.00","18.70","Stayed Below Average"
1055,"Dog","15.85","23.88","Stayed Below Average"
1056,"Rabbit","3.76","15.57","Stayed Below Average"
1057,"Cat","11.95","18.70","Stayed Below Average"
1058,"Fish","11.30","22.53","Stayed Below Average"
1059,"Cat","1.07","18.70","Stayed Below Average"
1063,"Hamster","0.03","11.79","Stayed Below Average"
1064,"Cat","17.82","18.70","Stayed Below Average"
1065,"Cat","12.43","18.70","Stayed Below Average"
1069,"Snake","1.72","15.70","Stayed Below Average"
1072,"Dog","19.56","23.88","Stayed Below Average"
1073,"Cat","14.39","18.70","Stayed Below Average"
1077,"Cat","14.43","18.70","Stayed Below Average"
1080,"Lizard","15.20","18.82","Stayed Below Average"
1081,"Lizard","0.62","18.82","Stayed Below Average"
1082,"Cat","12.69","18.70","Stayed Below Average"
1084,"Bird","8.20","27.80","Stayed Below Average"
1086,"Dog","4.95","23.88","Stayed Below Average"
1090,"Dog","7.79","23.88","Stayed Below Average"
1093,"Dog","0.30","23.88","Stayed Below Average"
1095,"Cat","1.92","18.70","Stayed Below Average"
1098,"Cat","6.07","18.70","Stayed Below Average"
1099,"Cat","16.79","18.70","Stayed Below Average"
1100,"Cat","12.79","18.70","Stayed Below Average"
1101,"Dog","21.07","23.88","Stayed Below Average"
1104,"Dog","5.23","23.88","Stayed Below Average"
1105,"Hamster","8.43","11.79","Stayed Below Average"
1106,"Dog","0.92","23.88","Stayed Below Average"
1107,"Dog","10.79","23.88","Stayed Below Average"
1110,"Guinea Pig","0.72","26.98","Stayed Below Average"
1112,"Cat","15.03","18.70","Stayed Below Average"
1113,"Dog","13.30","23.88","Stayed Below Average"
1115,"Bird","6.49","27.80","Stayed Below Average"
1119,"Cat","1.36","18.70","Stayed Below Average"
1122,"Dog","5.00","23.88","Stayed Below Average"
1123,"Dog","1.39","23.88","Stayed Below Average"
1124,"Cat","6.62","18.70","Stayed Below Average"
1125,"Rabbit","9.26","15.57","Stayed Below Average"
1126,"Dog","14.03","23.88","Stayed Below Average"
1127,"Guinea Pig","19.82","26.98","Stayed Below Average"
1129,"Guinea Pig","14.79","26.98","Stayed Below Average"
1131,"Dog","3.07","23.88","Stayed Below Average"
1132,"Cat","2.76","18.70","Stayed Below Average"
1133,"Cat","8.26","18.70","Stayed Below Average"
1134,"Cat","6.85","18.70","Stayed Below Average"
1135,"Bird","1.36","27.80","Stayed Below Average"
1136,"Bird","11.95","27.80","Stayed Below Average"
1138,"Snake","1.76","15.70","Stayed Below Average"
1139,"Dog","21.43","23.88","Stayed Below Average"
1140,"Fish","19.56","22.53","Stayed Below Average"
1142,"Bird","7.36","27.80","Stayed Below Average"
1143,"Dog","2.92","23.88","Stayed Below Average"
1145,"Hamster","9.66","11.79","Stayed Below Average"
1147,"Cat","1.53","18.70","Stayed Below Average"
1148,"Cat","0.33","18.70","Stayed Below Average"
1151,"Guinea Pig","2.89","26.98","Stayed Below Average"
1152,"Dog","15.33","23.88","Stayed Below Average"
1154,"Dog","5.07","23.88","Stayed Below Average"
1157,"Dog","7.07","23.88","Stayed Below Average"
1158,"Cat","8.00","18.70","Stayed Below Average"
1159,"Cat","1.56","18.70","Stayed Below Average"
1162,"Cat","6.16","18.70","Stayed Below Average"
1163,"Cat","13.66","18.70","Stayed Below Average"
1168,"Dog","2.53","23.88","Stayed Below Average"
1170,"Cat","12.76","18.70","Stayed Below Average"
1172,"Cat","16.03","18.70","Stayed Below Average"
1173,"Cat","4.23","18.70","Stayed Below Average"
1175,"Cat","7.23","18.70","Stayed Below Average"
1177,"Dog","6.07","23.88","Stayed Below Average"
1178,"Dog","11.53","23.88","Stayed Below Average"
1179,"Cat","7.16","18.70","Stayed Below Average"
1180,"Dog","4.76","23.88","Stayed Below Average"
1183,"Cat","16.33","18.70","Stayed Below Average"
1188,"Hamster","7.03","11.79","Stayed Below Average"
1191,"Dog","14.89","23.88","Stayed Below Average"
1192,"Cat","15.89","18.70","Stayed Below Average"
1193,"Hamster","4.26","11.79","Stayed Below Average"
1199,"Cat","6.20","18.70","Stayed Below Average"
1201,"Lizard","5.66","18.82","Stayed Below Average"
1202,"Cat","14.53","18.70","Stayed Below Average"
1204,"Hamster","11.53","11.79","Stayed Below Average"
1205,"Dog","3.89","23.88","Stayed Below Average"
1210,"Rabbit","7.39","15.57","Stayed Below Average"
1211,"Dog","20.36","23.88","Stayed Below Average"
1213,"Hamster","0.69","11.79","Stayed Below Average"
1214,"Cat","12.82","18.70","Stayed Below Average"
1216,"Dog","14.39","23.88","Stayed Below Average"
1224,"Guinea Pig","17.00","26.98","Stayed Below Average"
1228,"Dog","19.92","23.88","Stayed Below Average"
1229,"Dog","0.49","23.88","Stayed Below Average"
1230,"Cat","2.16","18.70","Stayed Below Average"
1233,"Dog","5.36","23.88","Stayed Below Average"
1234,"Cat","7.66","18.70","Stayed Below Average"
1235,"Cat","1.62","18.70","Stayed Below Average"
1236,"Dog","0.53","23.88","Stayed Below Average"
1238,"Dog","1.16","23.88","Stayed Below Average"
1241,"Lizard","4.39","18.82","Stayed Below Average"
1242,"Hamster","9.03","11.79","Stayed Below Average"
1244,"Cat","0.20","18.70","Stayed Below Average"
1247,"Dog","4.79","23.88","Stayed Below Average"
1248,"Snake","0.13","15.70","Stayed Below Average"
1249,"Dog","22.66","23.88","Stayed Below Average"
1250,"Cat","12.82","18.70","Stayed Below Average"
1251,"Cat","14.85","18.70","Stayed Below Average"
1252,"Dog","6.62","23.88","Stayed Below Average"
1255,"Dog","19.82","23.88","Stayed Below Average"
1258,"Cat","18.07","18.70","Stayed Below Average"
1259,"Dog","9.26","23.88","Stayed Below Average"
1261,"Cat","11.10","18.70","Stayed Below Average"
1262,"Dog","3.89","23.88","Stayed Below Average"
1266,"Cat","0.79","18.70","Stayed Below Average"
1268,"Cat","14.16","18.70","Stayed Below Average"
1269,"Fish","0.26","22.53","Stayed Below Average"
1270,"Cat","16.03","18.70","Stayed Below Average"
1271,"Dog","17.10","23.88","Stayed Below Average"
1272,"Guinea Pig","7.92","26.98","Stayed Below Average"
1273,"Cat","15.36","18.70","Stayed Below Average"
1275,"Fish","3.53","22.53","Stayed Below Average"
1276,"Cat","1.76","18.70","Stayed Below Average"
1277,"Dog","3.03","23.88","Stayed Below Average"
1278,"Dog","21.33","23.88","Stayed Below Average"
1279,"Cat","4.82","18.70","Stayed Below Average"
1281,"Cat","12.62","18.70","Stayed Below Average"
1283,"Cat","2.66","18.70","Stayed Below Average"
1287,"Fish","1.95","22.53","Stayed Below Average"
1288,"Fish","0.39","22.53","Stayed Below Average"
1289,"Fish","13.72","22.53","Stayed Below Average"
1290,"Cat","1.49","18.70","Stayed Below Average"
1292,"Cat","10.56","18.70","Stayed Below Average"
1294,"Dog","18.62","23.88","Stayed Below Average"
1295,"Dog","2.66","23.88","Stayed Below Average"
1297,"Cat","16.89","18.70","Stayed Below Average"
1299,"Cat","7.56","18.70","Stayed Below Average"
1300,"Cat","7.30","18.70","Stayed Below Average"
1301,"Dog","5.56","23.88","Stayed Below Average"
1302,"Cat","4.39","18.70","Stayed Below Average"
1303,"Dog","22.33","23.88","Stayed Below Average"
1308,"Lizard","6.20","18.82","Stayed Below Average"
1311,"Cat","3.00","18.70","Stayed Below Average"
1313,"Dog","3.76","23.88","Stayed Below Average"
1318,"Dog","4.23","23.88","Stayed Below Average"
1319,"Cat","1.82","18.70","Stayed Below Average"
1320,"Cat","17.56","18.70","Stayed Below Average"
1323,"Cat","12.23","18.70","Stayed Below Average"
1325,"Cat","6.66","18.70","Stayed Below Average"
1327,"Cat","2.85","18.70","Stayed Below Average"
1329,"Cat","14.20","18.70","Stayed Below Average"
1331,"Lizard","17.10","18.82","Stayed Below Average"
1332,"Cat","14.82","18.70","Stayed Below Average"
1333,"Dog","18.49","23.88","Stayed Below Average"
1334,"Cat","1.46","18.70","Stayed Below Average"
1335,"Snake","5.59","15.70","Stayed Below Average"
1336,"Cat","5.59","18.70","Stayed Below Average"
1339,"Cat","6.39","18.70","Stayed Below Average"
1340,"Cat","10.85","18.70","Stayed Below Average"
1345,"Dog","20.59","23.88","Stayed Below Average"
1346,"Dog","2.79","23.88","Stayed Below Average"
1347,"Fish","3.89","22.53","Stayed Below Average"
1348,"Cat","5.46","18.70","Stayed Below Average"
1349,"Dog","21.82","23.88","Stayed Below Average"
1350,"Dog","0.07","23.88","Stayed Below Average"
1351,"Cat","6.10","18.70","Stayed Below Average"
1352,"Dog","15.72","23.88","Stayed Below Average"
1357,"Cat","9.85","18.70","Stayed Below Average"
1359,"Cat","7.66","18.70","Stayed Below Average"
1360,"Cat","6.46","18.70","Stayed Below Average"
1361,"Cat","8.62","18.70","Stayed Below Average"
1364,"Dog","15.07","23.88","Stayed Below Average"
1366,"Rabbit","15.00","15.57","Stayed Below Average"
1367,"Turtle","31.56","35.53","Stayed Below Average"
1369,"Dog","0.26","23.88","Stayed Below Average"
1371,"Cat","6.85","18.70","Stayed Below Average"
1373,"Cat","16.62","18.70","Stayed Below Average"
1376,"Dog","6.46","23.88","Stayed Below Average"
1377,"Dog","19.20","23.88","Stayed Below Average"
1378,"Rabbit","0.20","15.57","Stayed Below Average"
1379,"Fish","1.89","22.53","Stayed Below Average"
1380,"Dog","0.99","23.88","Stayed Below Average"
1383,"Rabbit","3.30","15.57","Stayed Below Average"
1384,"Dog","12.43","23.88","Stayed Below Average"
1385,"Dog","11.53","23.88","Stayed Below Average"
1386,"Snake","4.33","15.70","Stayed Below Average"
1389,"Cat","3.10","18.70","Stayed Below Average"
1390,"Cat","6.59","18.70","Stayed Below Average"
1392,"Hamster","0.39","11.79","Stayed Below Average"
1393,"Cat","14.13","18.70","Stayed Below Average"
1397,"Hamster","0.36","11.79","Stayed Below Average"
1399,"Lizard","6.33","18.82","Stayed Below Average"
1400,"Cat","18.39","18.70","Stayed Below Average"
1402,"Guinea Pig","16.56","26.98","Stayed Below Average"
1403,"Dog","19.03","23.88","Stayed Below Average"
1404,"Cat","6.82","18.70","Stayed Below Average"
1409,"Dog","18.69","23.88","Stayed Below Average"
1410,"Dog","4.33","23.88","Stayed Below Average"
1414,"Hamster","11.30","11.79","Stayed Below Average"
1416,"Cat","2.23","18.70","Stayed Below Average"
1417,"Cat","0.66","18.70","Stayed Below Average"
1418,"Dog","2.43","23.88","Stayed Below Average"
1422,"Cat","12.53","18.70","Stayed Below Average"
1425,"Cat","14.62","18.70","Stayed Below Average"
1428,"Dog","22.85","23.88","Stayed Below Average"
1429,"Dog","11.92","23.88","Stayed Below Average"
1430,"Rabbit","14.95","15.57","Stayed Below Average"
1431,"Dog","18.00","23.88","Stayed Below Average"
1432,"Bird","12.85","27.80","Stayed Below Average"
1433,"Lizard","2.85","18.82","Stayed Below Average"
1434,"Hamster","0.23","11.79","Stayed Below Average"
1438,"Rabbit","11.76","15.57","Stayed Below Average"
1439,"Cat","2.07","18.70","Stayed Below Average"
1440,"Dog","8.89","23.88","Stayed Below Average"
1442,"Cat","4.03","18.70","Stayed Below Average"
1443,"Dog","17.16","23.88","Stayed Below Average"
1444,"Cat","11.26","18.70","Stayed Below Average"
1447,"Dog","13.30","23.88","Stayed Below Average"
1450,"Dog","21.53","23.88","Stayed Below Average"
1452,"Cat","1.23","18.70","Stayed Below Average"
1453,"Dog","9.62","23.88","Stayed Below Average"
1455,"Dog","5.20","23.88","Stayed Below Average"
1460,"Cat","2.92","18.70","Stayed Below Average"
1461,"Cat","16.99","18.70","Stayed Below Average"
1463,"Cat","4.49","18.70","Stayed Below Average"
1464,"Fish","5.46","22.53","Stayed Below Average"
1465,"Dog","2.66","23.88","Stayed Below Average"
1467,"Bird","13.39","27.80","Stayed Below Average"
1468,"Cat","1.36","18.70","Stayed Below Average"
1473,"Cat","8.69","18.70","Stayed Below Average"
1477,"Dog","1.16","23.88","Stayed Below Average"
1479,"Dog","2.26","23.88","Stayed Below Average"
1482,"Snake","13.30","15.70","Stayed Below Average"
1483,"Cat","2.07","18.70","Stayed Below Average"
1484,"Cat","11.53","18.70","Stayed Below Average"
1486,"Cat","10.49","18.70","Stayed Below Average"
1488,"Cat","10.26","18.70","Stayed Below Average"
1491,"Cat","0.56","18.70","Stayed Below Average"
1492,"Dog","6.89","23.88","Stayed Below Average"
1493,"Parrot","14.49","32.05","Stayed Below Average"
1497,"Dog","1.43","23.88","Stayed Below Average"
1499,"Cat","8.76","18.70","Stayed Below Average"
1500,"Dog","1.62","23.88","Stayed Below Average"
1501,"Dog","13.36","23.88","Stayed Below Average"
1506,"Guinea Pig","16.33","26.98","Stayed Below Average"
1508,"Dog","10.03","23.88","Stayed Below Average"
1509,"Cat","7.89","18.70","Stayed Below Average"
1510,"Cat","13.92","18.70","Stayed Below Average"
1511,"Cat","14.13","18.70","Stayed Below Average"
1512,"Dog","14.26","23.88","Stayed Below Average"
1515,"Dog","0.95","23.88","Stayed Below Average"
1516,"Dog","1.53","23.88","Stayed Below Average"
1523,"Guinea Pig","2.46","26.98","Stayed Below Average"
1525,"Snake","13.36","15.70","Stayed Below Average"
1527,"Cat","10.53","18.70","Stayed Below Average"
1530,"Cat","9.30","18.70","Stayed Below Average"
1531,"Dog","17.59","23.88","Stayed Below Average"
1532,"Hamster","3.59","11.79","Stayed Below Average"
1533,"Dog","5.59","23.88","Stayed Below Average"
1534,"Guinea Pig","1.46","26.98","Stayed Below Average"
1535,"Guinea Pig","23.85","26.98","Stayed Below Average"
1537,"Dog","10.46","23.88","Stayed Below Average"
1541,"Hamster","3.46","11.79","Stayed Below Average"
1542,"Hamster","10.03","11.79","Stayed Below Average"
1546,"Guinea Pig","1.26","26.98","Stayed Below Average"
1548,"Cat","3.00","18.70","Stayed Below Average"
1550,"Dog","17.16","23.88","Stayed Below Average"
1554,"Dog","3.43","23.88","Stayed Below Average"
1555,"Cat","18.36","18.70","Stayed Below Average"
1556,"Dog","7.85","23.88","Stayed Below Average"
1557,"Dog","1.66","23.88","Stayed Below Average"
1559,"Cat","0.33","18.70","Stayed Below Average"
1562,"Dog","20.20","23.88","Stayed Below Average"
1565,"Cat","9.56","18.70","Stayed Below Average"
1567,"Parrot","27.36","32.05","Stayed Below Average"
1568,"Cat","6.20","18.70","Stayed Below Average"
1569,"Rabbit","2.46","15.57","Stayed Below Average"
1570,"Dog","7.03","23.88","Stayed Below Average"
1574,"Dog","3.62","23.88","Stayed Below Average"
1577,"Guinea Pig","1.49","26.98","Stayed Below Average"
1578,"Cat","16.00","18.70","Stayed Below Average"
1582,"Dog","7.49","23.88","Stayed Below Average"
1585,"Guinea Pig","4.30","26.98","Stayed Below Average"
1589,"Dog","8.53","23.88","Stayed Below Average"
1593,"Dog","5.20","23.88","Stayed Below Average"
1598,"Rabbit","2.07","15.57","Stayed Below Average"
1603,"Lizard","8.46","18.82","Stayed Below Average"
1606,"Cat","4.69","18.70","Stayed Below Average"
1608,"Fish","2.92","22.53","Stayed Below Average"
1610,"Dog","1.66","23.88","Stayed Below Average"
1611,"Cat","18.13","18.70","Stayed Below Average"
1613,"Cat","2.99","18.70","Stayed Below Average"
1614,"Dog","9.13","23.88","Stayed Below Average"
1615,"Cat","4.16","18.70","Stayed Below Average"
1616,"Dog","12.00","23.88","Stayed Below Average"
1617,"Cat","2.10","18.70","Stayed Below Average"
1622,"Cat","14.36","18.70","Stayed Below Average"
1623,"Cat","11.43","18.70","Stayed Below Average"
1624,"Cat","10.72","18.70","Stayed Below Average"
1628,"Dog","4.46","23.88","Stayed Below Average"
1629,"Dog","15.69","23.88","Stayed Below Average"
1631,"Dog","1.69","23.88","Stayed Below Average"
1632,"Dog","7.62","23.88","Stayed Below Average"
1633,"Bird","2.66","27.80","Stayed Below Average"
1634,"Cat","9.20","18.70","Stayed Below Average"
1636,"Dog","7.46","23.88","Stayed Below Average"
1640,"Fish","9.13","22.53","Stayed Below Average"
1641,"Cat","6.76","18.70","Stayed Below Average"
1642,"Dog","10.16","23.88","Stayed Below Average"
1644,"Cat","0.39","18.70","Stayed Below Average"
1647,"Cat","6.76","18.70","Stayed Below Average"
1649,"Dog","18.39","23.88","Stayed Below Average"
1650,"Dog","2.10","23.88","Stayed Below Average"
1652,"Dog","9.39","23.88","Stayed Below Average"
1655,"Dog","3.30","23.88","Stayed Below Average"
1657,"Dog","3.66","23.88","Stayed Below Average"
1666,"Bird","4.36","27.80","Stayed Below Average"
1667,"Lizard","7.39","18.82","Stayed Below Average"
1670,"Dog","3.20","23.88","Stayed Below Average"
1671,"Cat","6.46","18.70","Stayed Below Average"
1673,"Dog","15.59","23.88","Stayed Below Average"
1674,"Cat","6.66","18.70","Stayed Below Average"
1676,"Dog","23.43","23.88","Stayed Below Average"
1677,"Cat","0.16","18.70","Stayed Below Average"
1678,"Cat","1.36","18.70","Stayed Below Average"
1679,"Dog","10.33","23.88","Stayed Below Average"
1682,"Dog","19.00","23.88","Stayed Below Average"
1683,"Dog","14.46","23.88","Stayed Below Average"
1686,"Cat","3.30","18.70","Stayed Below Average"
1689,"Cat","18.33","18.70","Stayed Below Average"
1690,"Dog","2.46","23.88","Stayed Below Average"
1691,"Cat","5.89","18.70","Stayed Below Average"
1693,"Hamster","0.36","11.79","Stayed Below Average"
1694,"Dog","13.46","23.88","Stayed Below Average"
1695,"Dog","12.20","23.88","Stayed Below Average"
1696,"Cat","6.26","18.70","Stayed Below Average"
1697,"Hamster","6.66","11.79","Stayed Below Average"
1698,"Dog","16.62","23.88","Stayed Below Average"
1701,"Dog","21.92","23.88","Stayed Below Average"
1702,"Dog","2.13","23.88","Stayed Below Average"
1707,"Dog","6.53","23.88","Stayed Below Average"
1709,"Dog","9.36","23.88","Stayed Below Average"
1710,"Lizard","18.23","18.82","Stayed Below Average"
1711,"Dog","12.79","23.88","Stayed Below Average"
1715,"Cat","7.00","18.70","Stayed Below Average"
1716,"Dog","13.23","23.88","Stayed Below Average"
1719,"Dog","14.92","23.88","Stayed Below Average"
1721,"Cat","2.39","18.70","Stayed Below Average"
1723,"Dog","3.82","23.88","Stayed Below Average"
1725,"Hamster","1.16","11.79","Stayed Below Average"
1726,"Cat","12.33","18.70","Stayed Below Average"
1727,"Dog","10.36","23.88","Stayed Below Average"
1734,"Dog","7.36","23.88","Stayed Below Average"
1735,"Dog","0.39","23.88","Stayed Below Average"
1736,"Cat","1.26","18.70","Stayed Below Average"
1737,"Fish","1.16","22.53","Stayed Below Average"
1742,"Dog","8.49","23.88","Stayed Below Average"
1743,"Hamster","1.89","11.79","Stayed Below Average"
1746,"Dog","16.66","23.88","Stayed Below Average"
1748,"Cat","10.66","18.70","Stayed Below Average"
1749,"Hamster","8.76","11.79","Stayed Below Average"
1750,"Bird","2.66","27.80","Stayed Below Average"
1751,"Cat","0.79","18.70","Stayed Below Average"
1754,"Snake","4.56","15.70","Stayed Below Average"
1756,"Cat","6.89","18.70","Stayed Below Average"
1758,"Bird","4.89","27.80","Stayed Below Average"
1760,"Lizard","1.89","18.82","Stayed Below Average"
1762,"Dog","8.26","23.88","Stayed Below Average"
1770,"Snake","8.16","15.70","Stayed Below Average"
1772,"Dog","7.46","23.88","Stayed Below Average"
1773,"Dog","19.16","23.88","Stayed Below Average"
1776,"Cat","12.66","18.70","Stayed Below Average"
1777,"Guinea Pig","12.23","26.98","Stayed Below Average"
1778,"Dog","6.10","23.88","Stayed Below Average"
1780,"Cat","3.49","18.70","Stayed Below Average"
1783,"Dog","0.23","23.88","Stayed Below Average"
1784,"Cat","15.53","18.70","Stayed Below Average"
1785,"Hamster","4.03","11.79","Stayed Below Average"
1786,"Dog","6.76","23.88","Stayed Below Average"
1788,"Fish","19.53","22.53","Stayed Below Average"
1789,"Bird","14.00","27.80","Stayed Below Average"
1790,"Cat","14.76","18.70","Stayed Below Average"
1791,"Dog","5.16","23.88","Stayed Below Average"
1792,"Dog","9.43","23.88","Stayed Below Average"
1793,"Fish","2.20","22.53","Stayed Below Average"
1797,"Dog","10.26","23.88","Stayed Below Average"
1798,"Dog","10.66","23.88","Stayed Below Average"
1799,"Parrot","4.79","32.05","Stayed Below Average"
1801,"Cat","11.30","18.70","Stayed Below Average"
1802,"Fish","0.76","22.53","Stayed Below Average"
1804,"Guinea Pig","12.82","26.98","Stayed Below Average"
1810,"Cat","8.36","18.70","Stayed Below Average"
1812,"Lizard","9.89","18.82","Stayed Below Average"
1813,"Bird","18.72","27.80","Stayed Below Average"
1814,"Cat","15.13","18.70","Stayed Below Average"
1818,"Cat","0.36","18.70","Stayed Below Average"
1822,"Rabbit","5.23","15.57","Stayed Below Average"
1823,"Dog","20.07","23.88","Stayed Below Average"
1827,"Dog","12.56","23.88","Stayed Below Average"
1829,"Dog","13.30","23.88","Stayed Below Average"
1830,"Dog","2.72","23.88","Stayed Below Average"
1832,"Dog","19.00","23.88","Stayed Below Average"
1837,"Hamster","6.43","11.79","Stayed Below Average"
1838,"Cat","9.62","18.70","Stayed Below Average"
1839,"Dog","13.39","23.88","Stayed Below Average"
1841,"Cat","9.26","18.70","Stayed Below Average"
1844,"Dog","2.36","23.88","Stayed Below Average"
1846,"Dog","1.39","23.88","Stayed Below Average"
1847,"Lizard","2.85","18.82","Stayed Below Average"
1848,"Lizard","4.03","18.82","Stayed Below Average"
1850,"Lizard","10.26","18.82","Stayed Below Average"
1851,"Dog","1.92","23.88","Stayed Below Average"
1854,"Dog","20.72","23.88","Stayed Below Average"
1857,"Dog","8.20","23.88","Stayed Below Average"
1860,"Cat","12.30","18.70","Stayed Below Average"
1861,"Dog","16.72","23.88","Stayed Below Average"
1862,"Dog","6.43","23.88","Stayed Below Average"
1863,"Cat","6.43","18.70","Stayed Below Average"
1871,"Dog","3.10","23.88","Stayed Below Average"
1874,"Dog","0.72","23.88","Stayed Below Average"
1876,"Rabbit","7.79","15.57","Stayed Below Average"
1877,"Hamster","10.85","11.79","Stayed Below Average"
1878,"Cat","0.72","18.70","Stayed Below Average"
1879,"Cat","2.89","18.70","Stayed Below Average"
1880,"Cat","2.56","18.70","Stayed Below Average"
1883,"Cat","2.76","18.70","Stayed Below Average"
1884,"Dog","16.82","23.88","Stayed Below Average"
1885,"Parrot","30.92","32.05","Stayed Below Average"
1886,"Cat","2.46","18.70","Stayed Below Average"
1890,"Dog","14.39","23.88","Stayed Below Average"
1896,"Dog","13.10","23.88","Stayed Below Average"
1899,"Cat","8.03","18.70","Stayed Below Average"
1902,"Guinea Pig","23.72","26.98","Stayed Below Average"
1904,"Cat","8.79","18.70","Stayed Below Average"
1905,"Dog","4.26","23.88","Stayed Below Average"
1907,"Rabbit","2.79","15.57","Stayed Below Average"
1910,"Cat","17.89","18.70","Stayed Below Average"
1912,"Cat","18.49","18.70","Stayed Below Average"
1914,"Cat","12.33","18.70","Stayed Below Average"
1915,"Dog","11.30","23.88","Stayed Below Average"
1916,"Cat","0.36","18.70","Stayed Below Average"
1918,"Cat","6.72","18.70","Stayed Below Average"
1919,"Dog","20.23","23.88","Stayed Below Average"
1920,"Rabbit","3.85","15.57","Stayed Below Average"
1921,"Dog","11.10","23.88","Stayed Below Average"
1922,"Dog","20.13","23.88","Stayed Below Average"
1923,"Dog","7.92","23.88","Stayed Below Average"
1924,"Dog","8.26","23.88","Stayed Below Average"
1926,"Guinea Pig","20.56","26.98","Stayed Below Average"
1930,"Hamster","0.23","11.79","Stayed Below Average"
1932,"Snake","2.69","15.70","Stayed Below Average"
1935,"Guinea Pig","19.13","26.98","Stayed Below Average"
1936,"Snake","10.16","15.70","Stayed Below Average"
1937,"Cat","12.95","18.70","Stayed Below Average"
1938,"Lizard","16.85","18.82","Stayed Below Average"
1939,"Turtle","7.39","35.53","Stayed Below Average"
1943,"Dog","1.07","23.88","Stayed Below Average"
1944,"Cat","12.33","18.70","Stayed Below Average"
1945,"Cat","2.00","18.70","Stayed Below Average"
1947,"Rabbit","6.10","15.57","Stayed Below Average"
1949,"Dog","1.59","23.88","Stayed Below Average"
1951,"Guinea Pig","10.36","26.98","Stayed Below Average"
1955,"Dog","13.16","23.88","Stayed Below Average"
1956,"Parrot","22.76","32.05","Stayed Below Average"
1959,"Fish","7.49","22.53","Stayed Below Average"
1960,"Fish","10.62","22.53","Stayed Below Average"
1962,"Cat","9.95","18.70","Stayed Below Average"
1963,"Cat","11.62","18.70","Stayed Below Average"
1967,"Dog","8.56","23.88","Stayed Below Average"
1971,"Fish","14.92","22.53","Stayed Below Average"
1972,"Hamster","4.85","11.79","Stayed Below Average"
1974,"Dog","1.43","23.88","Stayed Below Average"
1975,"Dog","6.76","23.88","Stayed Below Average"
1976,"Dog","20.62","23.88","Stayed Below Average"
1980,"Snake","1.72","15.70","Stayed Below Average"
1982,"Dog","0.89","23.88","Stayed Below Average"
1984,"Dog","16.36","23.88","Stayed Below Average"
1988,"Cat","12.79","18.70","Stayed Below Average"
1989,"Cat","8.82","18.70","Stayed Below Average"
1990,"Rabbit","6.66","15.57","Stayed Below Average"
1991,"Cat","11.62","18.70","Stayed Below Average"
1993,"Cat","2.69","18.70","Stayed Below Average"
1998,"Lizard","5.89","18.82","Stayed Below Average"
1999,"Guinea Pig","23.00","26.98","Stayed Below Average"
2000,"Dog","5.26","23.88","Stayed Below Average"
251,"Guinea Pig","16.99","26.98","Stayed Below Average"
151,"Cat","4.20","18.70","Stayed Below Average"
119,"Fish","10.99","22.53","Stayed Below Average"
1820,"Bird","15.99","27.80","Stayed Below Average"
339,"Guinea Pig","8.72","26.98","Stayed Below Average"
1043,"Dog","22.46","23.88","Stayed Below Average"
136,"Bird","6.07","27.80","Stayed Below Average"
373,"Bird","26.99","27.80","Stayed Below Average"
230,"Parrot","14.53","32.05","Stayed Below Average"
1146,"Fish","16.99","22.53","Stayed Below Average"
1487,"Guinea Pig","4.46","26.98","Stayed Below Average"
489,"Guinea Pig","25.26","26.98","Stayed Below Average"
1293,"Guinea Pig","24.99","26.98","Stayed Below Average"
974,"Dog","10.69","23.88","Stayed Below Average"
1757,"Dog","12.72","23.88","Stayed Below Average"
282,"Dog","11.53","23.88","Stayed Below Average"
104,"Guinea Pig","16.99","26.98","Stayed Below Average"
186,"Turtle","10.20","35.53","Stayed Below Average"
823,"Guinea Pig","14.99","26.98","Stayed Below Average"
468,"Parrot","25.43","32.05","Stayed Below Average"
800,"Fish","12.99","22.53","Stayed Below Average"
712,"Bird","26.99","27.80","Stayed Below Average"
1141,"Bird","17.99","27.80","Stayed Below Average"
782,"Parrot","18.43","32.05","Stayed Below Average"
1630,"Cat","10.99","18.70","Stayed Below Average"
983,"Dog","5.03","23.88","Stayed Below Average"
609,"Bird","24.00","27.80","Stayed Below Average"
694,"Dog","19.99","23.88","Stayed Below Average"
954,"Fish","9.03","22.53","Stayed Below Average"
1575,"Guinea Pig","21.59","26.98","Stayed Below Average"
1561,"Dog","19.99","23.88","Stayed Below Average"
889,"Guinea Pig","12.99","26.98","Stayed Below Average"
1475,"Dog","4.13","23.88","Stayed Below Average"
1382,"Turtle","0.53","35.53","Stayed Below Average"
1102,"Guinea Pig","13.99","26.98","Stayed Below Average"
416,"Bird","10.99","27.80","Stayed Below Average"
1658,"Guinea Pig","22.99","26.98","Stayed Below Average"
1517,"Guinea Pig","9.53","26.98","Stayed Below Average"
1873,"Parrot","5.20","32.05","Stayed Below Average"
1733,"Dog","14.99","23.88","Stayed Below Average"
202,"Fish","20.99","22.53","Stayed Below Average"
1815,"Dog","8.23","23.88","Stayed Below Average"
312,"Dog","16.00","23.88","Stayed Below Average"
1738,"Bird","8.76","27.80","Stayed Below Average"
1564,"Cat","4.33","18.70","Stayed Below Average"
1342,"Cat","13.39","18.70","Stayed Below Average"
1128,"Guinea Pig","13.36","26.98","Stayed Below Average"
1005,"Bird","24.99","27.80","Stayed Below Average"
1050,"Guinea Pig","21.99","26.98","Stayed Below Average"
390,"Guinea Pig","11.46","26.98","Stayed Below Average"
628,"Cat","12.79","18.70","Stayed Below Average"
1130,"Cat","14.99","18.70","Stayed Below Average"
988,"Guinea Pig","17.53","26.98","Stayed Below Average"
1979,"Guinea Pig","16.99","26.98","Stayed Below Average"
605,"Bird","16.99","27.80","Stayed Below Average"
1240,"Guinea Pig","15.99","26.98","Stayed Below Average"
1646,"Dog","8.26","23.88","Stayed Below Average"
1852,"Guinea Pig","12.36","26.98","Stayed Below Average"
76,"Guinea Pig","18.20","26.98","Stayed Below Average"
273,"Guinea Pig","22.99","26.98","Stayed Below Average"
481,"Cat","13.10","18.70","Stayed Below Average"
387,"Bird","14.99","27.80","Stayed Below Average"
1977,"Dog","8.99","23.88","Stayed Below Average"
1237,"Turtle","22.26","35.53","Stayed Below Average"
1724,"Bird","4.59","27.80","Stayed Below Average"
174,"Guinea Pig","16.72","26.98","Stayed Below Average"
1675,"Dog","11.26","23.88","Stayed Below Average"
1474,"Dog","9.16","23.88","Stayed Below Average"
1196,"Bird","14.76","27.80","Stayed Below Average"
981,"Fish","9.99","22.53","Stayed Below Average"
1257,"Bird","19.20","27.80","Stayed Below Average"
87,"Dog","11.99","23.88","Stayed Below Average"
884,"Cat","15.33","18.70","Stayed Below Average"
1284,"Guinea Pig","9.99","26.98","Stayed Below Average"
911,"Dog","22.92","23.88","Stayed Below Average"
602,"Bird","5.56","27.80","Stayed Below Average"
527,"Cat","11.99","18.70","Stayed Below Average"
1421,"Bird","26.62","27.80","Stayed Below Average"
917,"Guinea Pig","3.99","26.98","Stayed Below Average"
183,"Guinea Pig","25.99","26.98","Stayed Below Average"
118,"Guinea Pig","12.99","26.98","Stayed Below Average"
1495,"Bird","17.99","27.80","Stayed Below Average"
577,"Guinea Pig","22.99","26.98","Stayed Below Average"
1728,"Fish","15.16","22.53","Stayed Below Average"
1490,"Fish","1.99","22.53","Stayed Below Average"
1476,"Fish","21.99","22.53","Stayed Below Average"
292,"Guinea Pig","19.99","26.98","Stayed Below Average"
910,"Dog","22.99","23.88","Stayed Below Average"
1933,"Cat","12.66","18.70","Stayed Below Average"
1496,"Dog","8.76","23.88","Stayed Below Average"
805,"Guinea Pig","11.99","26.98","Stayed Below Average"
1085,"Parrot","1.72","32.05","Stayed Below Average"
288,"Parrot","14.16","32.05","Stayed Below Average"
1584,"Bird","0.92","27.80","Stayed Below Average"
684,"Fish","5.59","22.53","Stayed Below Average"
1200,"Fish","2.30","22.53","Stayed Below Average"
1109,"Turtle","32.10","35.53","Stayed Below Average"
1498,"Dog","10.99","23.88","Stayed Below Average"
1913,"Fish","17.10","22.53","Stayed Below Average"
346,"Fish","11.95","22.53","Stayed Below Average"
320,"Guinea Pig","24.79","26.98","Stayed Below Average"
474,"Bird","12.99","27.80","Stayed Below Average"
73,"Parrot","12.85","32.05","Stayed Below Average"
1215,"Parrot","5.85","32.05","Stayed Below Average"
1232,"Guinea Pig","23.76","26.98","Stayed Below Average"
540,"Dog","20.76","23.88","Stayed Below Average"
1524,"Dog","13.99","23.88","Stayed Below Average"
593,"Dog","22.99","23.88","Stayed Below Average"
1321,"Dog","8.92","23.88","Stayed Below Average"
1186,"Bird","26.30","27.80","Stayed Below Average"
1834,"Dog","16.66","23.88","Stayed Below Average"
493,"Bird","25.92","27.80","Stayed Below Average"
937,"Guinea Pig","21.99","26.98","Stayed Below Average"
1795,"Dog","4.53","23.88","Stayed Below Average"
1536,"Fish","16.46","22.53","Stayed Below Average"
576,"Dog","6.16","23.88","Stayed Below Average"
1621,"Fish","2.56","22.53","Stayed Below Average"
1552,"Dog","20.69","23.88","Stayed Below Average"
1653,"Dog","21.43","23.88","Stayed Below Average"
1889,"Bird","5.23","27.80","Stayed Below Average"
492,"Fish","2.69","22.53","Stayed Below Average"
1343,"Fish","8.99","22.53","Stayed Below Average"
1940,"Bird","11.99","27.80","Stayed Below Average"
1882,"Cat","17.10","18.70","Stayed Below Average"
855,"Guinea Pig","7.99","26.98","Stayed Below Average"
571,"Guinea Pig","23.89","26.98","Stayed Below Average"
1590,"Dog","5.53","23.88","Stayed Below Average"
48,"Bird","21.99","27.80","Stayed Below Average"
356,"Dog","6.82","23.88","Stayed Below Average"
675,"Turtle","28.10","35.53","Stayed Below Average"
1765,"Bird","15.99","27.80","Stayed Below Average"
438,"Dog","15.99","23.88","Stayed Below Average"
1881,"Dog","21.00","23.88","Stayed Below Average"
1096,"Turtle","0.85","35.53","Stayed Below Average"
750,"Bird","26.99","27.80","Stayed Below Average"
249,"Dog","12.99","23.88","Stayed Below Average"
42,"Parrot","2.76","32.05","Stayed Below Average"
90,"Bird","2.16","27.80","Stayed Below Average"
1807,"Dog","11.99","23.88","Stayed Below Average"
350,"Dog","2.23","23.88","Stayed Below Average"
1481,"Bird","19.99","27.80","Stayed Below Average"
380,"Dog","8.49","23.88","Stayed Below Average"
410,"Dog","22.53","23.88","Stayed Below Average"
574,"Guinea Pig","7.62","26.98","Stayed Below Average"
1028,"Bird","3.39","27.80","Stayed Below Average"
583,"Guinea Pig","10.99","26.98","Stayed Below Average"
677,"Dog","18.92","23.88","Stayed Below Average"
1144,"Dog","21.82","23.88","Stayed Below Average"
572,"Dog","2.43","23.88","Stayed Below Average"
291,"Dog","12.00","23.88","Stayed Below Average"
61,"Guinea Pig","19.99","26.98","Stayed Below Average"
9,"Cat","9.99","18.70","Stayed Below Average"
1160,"Dog","15.92","23.88","Stayed Below Average"
