pet_id,species_name,stay_period_months,avg_stay_period_months,stay_period_from_avg
1266,Cat,0.79,18.7,Short Stayers
1246,Cat,21.2,18.7,Long Stayers
1929,Cat,60.2,18.7,Long Stayers
1636,Dog,7.46,23.88,Short Stayers
1593,Dog,5.2,23.88,Short Stayers
148,Dog,44.92,23.88,Long Stayers
390,Guinea Pig,11.46,26.98,Short Stayers
1409,Dog,18.69,23.88,Short Stayers
538,Snake,1.07,15.7,Short Stayers
115,Cat,3.36,18.7,Short Stayers
142,Cat,26.76,18.7,Long Stayers
921,Guinea Pig,18.43,26.98,Short Stayers
1153,Dog,53.62,23.88,Long Stayers
1231,Dog,29.82,23.88,Long Stayers
1164,Cat,35.39,18.7,Long Stayers
704,Dog,50.53,23.88,Long Stayers
1542,Hamster,10.03,11.79,Short Stayers
560,Bird,47.1,27.8,Long Stayers
985,Lizard,15.1,18.82,Short Stayers
693,Dog,32.56,23.88,Long Stayers
1765,Bird,15.99,27.8,Short Stayers
1350,Dog,0.07,23.88,Short Stayers
1317,Cat,41.53,18.7,Long Stayers
675,Turtle,28.1,35.53,Short Stayers
888,Dog,13.92,23.88,Short Stayers
283,Dog,39.56,23.88,Long Stayers
1527,Cat,10.53,18.7,Short Stayers
541,Cat,20.2,18.7,Long Stayers
1584,Bird,0.92,27.8,Short Stayers
357,Cat,7,18.7,Short Stayers
171,Cat,27.49,18.7,Long Stayers
1075,Dog,75.76,23.88,Long Stayers
1156,Dog,45.49,23.88,Long Stayers
1937,Cat,12.95,18.7,Short Stayers
1015,Cat,23.56,18.7,Long Stayers
932,Cat,32.1,18.7,Long Stayers
1966,Cat,50.99,18.7,Long Stayers
1607,Cat,22.49,18.7,Long Stayers
1462,Dog,40.07,23.88,Long Stayers
368,Guinea Pig,6.39,26.98,Short Stayers
943,Cat,4.36,18.7,Short Stayers
1415,Cat,29.59,18.7,Long Stayers
207,Guinea Pig,8.26,26.98,Short Stayers
1399,Lizard,6.33,18.82,Short Stayers
1189,Bird,43.99,27.8,Long Stayers
1906,Rabbit,48.33,15.57,Long Stayers
1029,Rabbit,5.89,15.57,Short Stayers
12,Turtle,38.49,35.53,Long Stayers
198,Dog,69.23,23.88,Long Stayers
1684,Dog,33.23,23.88,Long Stayers
861,Cat,2.43,18.7,Short Stayers
745,Cat,6.95,18.7,Short Stayers
436,Bird,28.72,27.8,Long Stayers
1678,Cat,1.36,18.7,Short Stayers
1831,Cat,29.03,18.7,Long Stayers
1194,Dog,78.23,23.88,Long Stayers
124,Cat,39.49,18.7,Long Stayers
1769,Dog,51.3,23.88,Long Stayers
1537,Dog,10.46,23.88,Short Stayers
128,Dog,44.49,23.88,Long Stayers
206,Cat,13.1,18.7,Short Stayers
897,Cat,24.36,18.7,Long Stayers
1536,Fish,16.46,22.53,Short Stayers
1594,Hamster,21.82,11.79,Long Stayers
910,Dog,22.99,23.88,Short Stayers
31,Dog,16.3,23.88,Short Stayers
1748,Cat,10.66,18.7,Short Stayers
1259,Dog,9.26,23.88,Short Stayers
34,Bird,46.2,27.8,Long Stayers
292,Guinea Pig,19.99,26.98,Short Stayers
1386,Snake,4.33,15.7,Short Stayers
486,Dog,35.66,23.88,Long Stayers
1058,Fish,11.3,22.53,Short Stayers
1649,Dog,18.39,23.88,Short Stayers
1404,Cat,6.82,18.7,Short Stayers
1207,Hamster,18,11.79,Long Stayers
1754,Snake,4.56,15.7,Short Stayers
1094,Guinea Pig,34.99,26.98,Long Stayers
703,Cat,24.03,18.7,Long Stayers
1566,Dog,24.46,23.88,Long Stayers
1339,Cat,6.39,18.7,Short Stayers
1646,Dog,8.26,23.88,Short Stayers
852,Cat,12.69,18.7,Short Stayers
493,Bird,25.92,27.8,Short Stayers
971,Dog,9.26,23.88,Short Stayers
1197,Cat,33,18.7,Long Stayers
1489,Guinea Pig,26.99,26.98,Long Stayers
1116,Fish,47.99,22.53,Long Stayers
1770,Snake,8.16,15.7,Short Stayers
809,Dog,24.85,23.88,Long Stayers
540,Dog,20.76,23.88,Short Stayers
478,Dog,12.16,23.88,Short Stayers
680,Rabbit,1.53,15.57,Short Stayers
976,Fish,10.33,22.53,Short Stayers
1836,Bird,39.99,27.8,Long Stayers
1377,Dog,19.2,23.88,Short Stayers
767,Dog,37.89,23.88,Long Stayers
1020,Cat,14.79,18.7,Short Stayers
287,Bird,15.59,27.8,Short Stayers
1044,Dog,25.85,23.88,Long Stayers
21,Guinea Pig,26.07,26.98,Short Stayers
1961,Lizard,31.79,18.82,Long Stayers
1117,Cat,46.49,18.7,Long Stayers
1647,Cat,6.76,18.7,Short Stayers
6,Parrot,48.43,32.05,Long Stayers
566,Cat,11.72,18.7,Short Stayers
936,Cat,10.43,18.7,Short Stayers
836,Rabbit,2.56,15.57,Short Stayers
914,Dog,43.99,23.88,Long Stayers
1923,Dog,7.92,23.88,Short Stayers
1333,Dog,18.49,23.88,Short Stayers
1335,Snake,5.59,15.7,Short Stayers
1750,Bird,2.66,27.8,Short Stayers
1720,Dog,37.85,23.88,Long Stayers
1531,Dog,17.59,23.88,Short Stayers
664,Cat,13.82,18.7,Short Stayers
375,Dog,7.23,23.88,Short Stayers
51,Guinea Pig,72.95,26.98,Long Stayers
521,Cat,12.1,18.7,Short Stayers
1654,Dog,34.2,23.88,Long Stayers
1257,Bird,19.2,27.8,Short Stayers
905,Dog,30.36,23.88,Long Stayers
343,Cat,55.79,18.7,Long Stayers
1528,Dog,57.62,23.88,Long Stayers
713,Fish,26.13,22.53,Long Stayers
201,Fish,63.33,22.53,Long Stayers
564,Cat,8.13,18.7,Short Stayers
1648,Cat,29.33,18.7,Long Stayers
135,Guinea Pig,15.16,26.98,Short Stayers
1494,Dog,60.39,23.88,Long Stayers
1142,Bird,7.36,27.8,Short Stayers
1174,Cat,33.79,18.7,Long Stayers
1434,Hamster,0.23,11.79,Short Stayers
127,Rabbit,14.2,15.57,Short Stayers
527,Cat,11.99,18.7,Short Stayers
1624,Cat,10.72,18.7,Short Stayers
609,Bird,24,27.8,Short Stayers
318,Dog,54,23.88,Long Stayers
988,Guinea Pig,17.53,26.98,Short Stayers
842,Dog,31.23,23.88,Long Stayers
1712,Cat,40.36,18.7,Long Stayers
1999,Guinea Pig,23,26.98,Short Stayers
1036,Turtle,9.16,35.53,Short Stayers
1921,Dog,11.1,23.88,Short Stayers
613,Snake,1.33,15.7,Short Stayers
1139,Dog,21.43,23.88,Short Stayers
391,Cat,1.46,18.7,Short Stayers
67,Dog,36.59,23.88,Long Stayers
1670,Dog,3.2,23.88,Short Stayers
851,Fish,4.85,22.53,Short Stayers
22,Cat,9.39,18.7,Short Stayers
407,Guinea Pig,63.39,26.98,Long Stayers
173,Fish,65.99,22.53,Long Stayers
1776,Cat,12.66,18.7,Short Stayers
891,Dog,36.2,23.88,Long Stayers
1784,Cat,15.53,18.7,Short Stayers
953,Cat,1.59,18.7,Short Stayers
999,Dog,8.3,23.88,Short Stayers
1287,Fish,1.95,22.53,Short Stayers
906,Cat,65.95,18.7,Long Stayers
1157,Dog,7.07,23.88,Short Stayers
1351,Cat,6.1,18.7,Short Stayers
1151,Guinea Pig,2.89,26.98,Short Stayers
1212,Guinea Pig,32.99,26.98,Long Stayers
1789,Bird,14,27.8,Short Stayers
576,Dog,6.16,23.88,Short Stayers
1248,Snake,0.13,15.7,Short Stayers
711,Cat,13.56,18.7,Short Stayers
240,Cat,23.95,18.7,Long Stayers
1564,Cat,4.33,18.7,Short Stayers
537,Cat,21.95,18.7,Long Stayers
1030,Cat,2.16,18.7,Short Stayers
337,Parrot,1.07,32.05,Short Stayers
1407,Dog,64.07,23.88,Long Stayers
783,Dog,60.13,23.88,Long Stayers
1361,Cat,8.62,18.7,Short Stayers
1162,Cat,6.16,18.7,Short Stayers
1728,Fish,15.16,22.53,Short Stayers
1267,Dog,35.89,23.88,Long Stayers
303,Cat,9.82,18.7,Short Stayers
765,Dog,35.79,23.88,Long Stayers
730,Dog,20.46,23.88,Short Stayers
1362,Dog,50.23,23.88,Long Stayers
1680,Dog,29.16,23.88,Long Stayers
186,Turtle,10.2,35.53,Short Stayers
1715,Cat,7,18.7,Short Stayers
1819,Parrot,65.23,32.05,Long Stayers
294,Bird,29.99,27.8,Long Stayers
1982,Dog,0.89,23.88,Short Stayers
955,Guinea Pig,68.46,26.98,Long Stayers
1917,Dog,31.53,23.88,Long Stayers
1112,Cat,15.03,18.7,Short Stayers
382,Dog,2.13,23.88,Short Stayers
359,Cat,11.49,18.7,Short Stayers
1992,Dog,29,23.88,Long Stayers
1514,Guinea Pig,27.76,26.98,Long Stayers
1279,Cat,4.82,18.7,Short Stayers
588,Dog,41.76,23.88,Long Stayers
1792,Dog,9.43,23.88,Short Stayers
322,Cat,36.16,18.7,Long Stayers
351,Cat,7.62,18.7,Short Stayers
1859,Hamster,32.16,11.79,Long Stayers
1008,Bird,62.99,27.8,Long Stayers
1541,Hamster,3.46,11.79,Short Stayers
847,Cat,62.13,18.7,Long Stayers
534,Cat,50.76,18.7,Long Stayers
676,Dog,2.62,23.88,Short Stayers
429,Dog,25.53,23.88,Long Stayers
991,Dog,13.07,23.88,Short Stayers
575,Snake,4.72,15.7,Short Stayers
1984,Dog,16.36,23.88,Short Stayers
125,Hamster,18,11.79,Long Stayers
556,Hamster,3.2,11.79,Short Stayers
365,Dog,24.92,23.88,Long Stayers
762,Cat,0.66,18.7,Short Stayers
813,Lizard,20.62,18.82,Long Stayers
887,Bird,28.99,27.8,Long Stayers
1031,Cat,0.13,18.7,Short Stayers
940,Guinea Pig,23.69,26.98,Short Stayers
1914,Cat,12.33,18.7,Short Stayers
579,Cat,80.89,18.7,Long Stayers
1120,Dog,57.03,23.88,Long Stayers
126,Cat,0.1,18.7,Short Stayers
1316,Bird,41.99,27.8,Long Stayers
1557,Dog,1.66,23.88,Short Stayers
1783,Dog,0.23,23.88,Short Stayers
1642,Dog,10.16,23.88,Short Stayers
191,Dog,38.72,23.88,Long Stayers
1876,Rabbit,7.79,15.57,Short Stayers
384,Cat,22.89,18.7,Long Stayers
361,Dog,55.89,23.88,Long Stayers
1166,Cat,46.46,18.7,Long Stayers
697,Guinea Pig,3.1,26.98,Short Stayers
1729,Dog,35.99,23.88,Long Stayers
380,Dog,8.49,23.88,Short Stayers
1001,Cat,6.39,18.7,Short Stayers
749,Dog,20.53,23.88,Short Stayers
584,Bird,68.79,27.8,Long Stayers
736,Snake,19.89,15.7,Long Stayers
1252,Dog,6.62,23.88,Short Stayers
1000,Cat,6.69,18.7,Short Stayers
1698,Dog,16.62,23.88,Short Stayers
65,Cat,0.07,18.7,Short Stayers
1919,Dog,20.23,23.88,Short Stayers
1762,Dog,8.26,23.88,Short Stayers
1406,Turtle,48.43,35.53,Long Stayers
515,Cat,28.26,18.7,Long Stayers
72,Dog,50.53,23.88,Long Stayers
598,Cat,26.69,18.7,Long Stayers
1045,Dog,22.53,23.88,Short Stayers
1456,Dog,34.79,23.88,Long Stayers
279,Hamster,6.72,11.79,Short Stayers
330,Dog,11.79,23.88,Short Stayers
1830,Dog,2.72,23.88,Short Stayers
140,Guinea Pig,38.99,26.98,Long Stayers
1756,Cat,6.89,18.7,Short Stayers
1863,Cat,6.43,18.7,Short Stayers
962,Bird,33.3,27.8,Long Stayers
1481,Bird,19.99,27.8,Short Stayers
1915,Dog,11.3,23.88,Short Stayers
970,Lizard,53.79,18.82,Long Stayers
1003,Cat,2.53,18.7,Short Stayers
1005,Bird,24.99,27.8,Short Stayers
1868,Cat,37.69,18.7,Long Stayers
975,Dog,20.79,23.88,Short Stayers
1842,Lizard,25.16,18.82,Long Stayers
442,Cat,37.46,18.7,Long Stayers
826,Guinea Pig,3.07,26.98,Short Stayers
63,Turtle,4.82,35.53,Short Stayers
535,Guinea Pig,4.82,26.98,Short Stayers
101,Cat,4,18.7,Short Stayers
200,Cat,3.13,18.7,Short Stayers
154,Guinea Pig,46.53,26.98,Long Stayers
549,Dog,21.39,23.88,Short Stayers
84,Guinea Pig,50.56,26.98,Long Stayers
248,Cat,61.79,18.7,Long Stayers
742,Dog,1.82,23.88,Short Stayers
111,Dog,16.36,23.88,Short Stayers
338,Guinea Pig,67.33,26.98,Long Stayers
205,Dog,2.16,23.88,Short Stayers
857,Dog,51.89,23.88,Long Stayers
1463,Cat,4.49,18.7,Short Stayers
1429,Dog,11.92,23.88,Short Stayers
363,Fish,26.85,22.53,Long Stayers
611,Dog,1.59,23.88,Short Stayers
1034,Dog,24.53,23.88,Long Stayers
259,Cat,7,18.7,Short Stayers
1254,Dog,72.03,23.88,Long Stayers
582,Dog,35.13,23.88,Long Stayers
1275,Fish,3.53,22.53,Short Stayers
523,Cat,2.56,18.7,Short Stayers
1069,Snake,1.72,15.7,Short Stayers
1709,Dog,9.36,23.88,Short Stayers
1681,Turtle,38.95,35.53,Long Stayers
769,Dog,19.76,23.88,Short Stayers
498,Cat,15.72,18.7,Short Stayers
1043,Dog,22.46,23.88,Short Stayers
44,Dog,6.3,23.88,Short Stayers
36,Guinea Pig,5.89,26.98,Short Stayers
1798,Dog,10.66,23.88,Short Stayers
1312,Lizard,19.43,18.82,Long Stayers
197,Hamster,3.3,11.79,Short Stayers
1610,Dog,1.66,23.88,Short Stayers
336,Dog,14.36,23.88,Short Stayers
1400,Cat,18.39,18.7,Short Stayers
1136,Bird,11.95,27.8,Short Stayers
1337,Fish,37.76,22.53,Long Stayers
1028,Bird,3.39,27.8,Short Stayers
1354,Dog,43.39,23.88,Long Stayers
951,Cat,10.13,18.7,Short Stayers
373,Bird,26.99,27.8,Short Stayers
915,Bird,9.23,27.8,Short Stayers
161,Turtle,41.13,35.53,Long Stayers
401,Guinea Pig,36.2,26.98,Long Stayers
9,Cat,9.99,18.7,Short Stayers
610,Guinea Pig,20.66,26.98,Short Stayers
1388,Dog,26.1,23.88,Long Stayers
651,Guinea Pig,25.13,26.98,Short Stayers
501,Dog,67.95,23.88,Long Stayers
868,Dog,55.99,23.88,Long Stayers
239,Rabbit,14.26,15.57,Short Stayers
509,Dog,41.3,23.88,Long Stayers
293,Hamster,0.23,11.79,Short Stayers
1250,Cat,12.82,18.7,Short Stayers
789,Dog,3.79,23.88,Short Stayers
487,Lizard,20.92,18.82,Long Stayers
858,Dog,13,23.88,Short Stayers
1516,Dog,1.53,23.88,Short Stayers
209,Dog,24.82,23.88,Long Stayers
1159,Cat,1.56,18.7,Short Stayers
1583,Dog,54.62,23.88,Long Stayers
193,Dog,51.1,23.88,Long Stayers
1664,Dog,63.13,23.88,Long Stayers
581,Dog,52.46,23.88,Long Stayers
1674,Cat,6.66,18.7,Short Stayers
1808,Guinea Pig,64.66,26.98,Long Stayers
183,Guinea Pig,25.99,26.98,Short Stayers
1454,Guinea Pig,30.43,26.98,Long Stayers
1453,Dog,9.62,23.88,Short Stayers
1486,Cat,10.49,18.7,Short Stayers
26,Lizard,11.85,18.82,Short Stayers
290,Cat,4.56,18.7,Short Stayers
927,Cat,22.66,18.7,Long Stayers
480,Guinea Pig,20.69,26.98,Short Stayers
260,Dog,4.1,23.88,Short Stayers
692,Dog,21.1,23.88,Short Stayers
30,Cat,38.76,18.7,Long Stayers
1965,Dog,25,23.88,Long Stayers
243,Cat,6.95,18.7,Short Stayers
1736,Cat,1.26,18.7,Short Stayers
323,Cat,37.62,18.7,Long Stayers
1185,Guinea Pig,60.39,26.98,Long Stayers
1348,Cat,5.46,18.7,Short Stayers
399,Bird,4.89,27.8,Short Stayers
1755,Snake,23.26,15.7,Long Stayers
1084,Bird,8.2,27.8,Short Stayers
656,Fish,4.36,22.53,Short Stayers
1858,Fish,54.56,22.53,Long Stayers
1062,Dog,28.59,23.88,Long Stayers
456,Bird,3.49,27.8,Short Stayers
1437,Cat,31.53,18.7,Long Stayers
1645,Dog,49.62,23.88,Long Stayers
1811,Cat,20.62,18.7,Long Stayers
1936,Snake,10.16,15.7,Short Stayers
175,Cat,6.07,18.7,Short Stayers
682,Bird,58.95,27.8,Long Stayers
178,Cat,67.03,18.7,Long Stayers
1170,Cat,12.76,18.7,Short Stayers
1663,Fish,23.76,22.53,Long Stayers
788,Rabbit,22.26,15.57,Long Stayers
944,Cat,5.85,18.7,Short Stayers
1363,Cat,26.3,18.7,Long Stayers
1181,Cat,33.1,18.7,Long Stayers
812,Dog,3.46,23.88,Short Stayers
1577,Guinea Pig,1.49,26.98,Short Stayers
1894,Rabbit,17.59,15.57,Long Stayers
777,Cat,15,18.7,Short Stayers
1393,Cat,14.13,18.7,Short Stayers
16,Dog,32.23,23.88,Long Stayers
341,Cat,32.3,18.7,Long Stayers
1622,Cat,14.36,18.7,Short Stayers
623,Dog,40.26,23.88,Long Stayers
1899,Cat,8.03,18.7,Short Stayers
1325,Cat,6.66,18.7,Short Stayers
1002,Fish,5.16,22.53,Short Stayers
829,Dog,12.23,23.88,Short Stayers
1745,Snake,27.53,15.7,Long Stayers
123,Hamster,36.07,11.79,Long Stayers
247,Snake,12.85,15.7,Short Stayers
237,Guinea Pig,34.16,26.98,Long Stayers
1713,Dog,32.69,23.88,Long Stayers
1603,Lizard,8.46,18.82,Short Stayers
131,Dog,15.1,23.88,Short Stayers
319,Cat,48.13,18.7,Long Stayers
1767,Hamster,29.79,11.79,Long Stayers
412,Dog,32.36,23.88,Long Stayers
180,Cat,12.23,18.7,Short Stayers
457,Dog,24.62,23.88,Long Stayers
964,Cat,16.43,18.7,Short Stayers
1628,Dog,4.46,23.88,Short Stayers
253,Dog,36.66,23.88,Long Stayers
332,Bird,4.99,27.8,Short Stayers
473,Dog,8.56,23.88,Short Stayers
1041,Cat,30.46,18.7,Long Stayers
37,Bird,1.33,27.8,Short Stayers
1671,Cat,6.46,18.7,Short Stayers
746,Dog,2.46,23.88,Short Stayers
1561,Dog,19.99,23.88,Short Stayers
1070,Dog,46.16,23.88,Long Stayers
1067,Dog,66.53,23.88,Long Stayers
249,Dog,12.99,23.88,Short Stayers
1055,Dog,15.85,23.88,Short Stayers
1010,Dog,13.95,23.88,Short Stayers
78,Cat,45.36,18.7,Long Stayers
506,Dog,38.66,23.88,Long Stayers
1974,Dog,1.43,23.88,Short Stayers
862,Lizard,26.82,18.82,Long Stayers
1398,Cat,57.76,18.7,Long Stayers
1073,Cat,14.39,18.7,Short Stayers
1091,Cat,19.36,18.7,Long Stayers
1428,Dog,22.85,23.88,Short Stayers
1347,Fish,3.89,22.53,Short Stayers
195,Dog,3.62,23.88,Short Stayers
821,Cat,23.43,18.7,Long Stayers
1520,Cat,40.2,18.7,Long Stayers
1387,Dog,42.2,23.88,Long Stayers
452,Dog,20.33,23.88,Short Stayers
766,Dog,26.59,23.88,Long Stayers
1219,Snake,16.82,15.7,Long Stayers
1795,Dog,4.53,23.88,Short Stayers
1865,Cat,33.43,18.7,Long Stayers
160,Cat,42.72,18.7,Long Stayers
968,Hamster,1.59,11.79,Short Stayers
1298,Dog,45.56,23.88,Long Stayers
695,Cat,8.82,18.7,Short Stayers
49,Dog,4.26,23.88,Short Stayers
644,Lizard,19.76,18.82,Long Stayers
565,Bird,47.99,27.8,Long Stayers
138,Dog,31.85,23.88,Long Stayers
833,Cat,38.07,18.7,Long Stayers
190,Cat,15.56,18.7,Short Stayers
1111,Bird,52.1,27.8,Long Stayers
309,Hamster,5.92,11.79,Short Stayers
992,Cat,24.07,18.7,Long Stayers
853,Cat,2.36,18.7,Short Stayers
29,Rabbit,0.1,15.57,Short Stayers
1867,Dog,61.1,23.88,Long Stayers
1820,Bird,15.99,27.8,Short Stayers
311,Guinea Pig,19.76,26.98,Short Stayers
1,Cat,39.85,18.7,Long Stayers
984,Dog,25.3,23.88,Long Stayers
1927,Bird,29.89,27.8,Long Stayers
678,Dog,47.66,23.88,Long Stayers
1051,Cat,3.16,18.7,Short Stayers
352,Fish,32.1,22.53,Long Stayers
100,Cat,57.79,18.7,Long Stayers
550,Guinea Pig,50.3,26.98,Long Stayers
1196,Bird,14.76,27.8,Short Stayers
64,Snake,29.07,15.7,Long Stayers
1530,Cat,9.3,18.7,Short Stayers
1372,Cat,27.3,18.7,Long Stayers
170,Lizard,21.23,18.82,Long Stayers
1662,Cat,21.62,18.7,Long Stayers
790,Cat,43.72,18.7,Long Stayers
622,Dog,16.26,23.88,Short Stayers
1245,Cat,25.66,18.7,Long Stayers
1804,Guinea Pig,12.82,26.98,Short Stayers
441,Fish,17.72,22.53,Short Stayers
1695,Dog,12.2,23.88,Short Stayers
1277,Dog,3.03,23.88,Short Stayers
630,Parrot,59.39,32.05,Long Stayers
372,Dog,9.72,23.88,Short Stayers
256,Cat,10.33,18.7,Short Stayers
1694,Dog,13.46,23.88,Short Stayers
1188,Hamster,7.03,11.79,Short Stayers
1171,Guinea Pig,39.72,26.98,Long Stayers
1892,Dog,41.13,23.88,Long Stayers
928,Dog,46.62,23.88,Long Stayers
1897,Dog,49.16,23.88,Long Stayers
607,Fish,2.72,22.53,Short Stayers
502,Dog,10.23,23.88,Short Stayers
1114,Cat,31.59,18.7,Long Stayers
874,Hamster,5.39,11.79,Short Stayers
1182,Dog,51.85,23.88,Long Stayers
108,Bird,0.95,27.8,Short Stayers
117,Dog,61.99,23.88,Long Stayers
600,Dog,30.56,23.88,Long Stayers
392,Dog,5.59,23.88,Short Stayers
216,Dog,31.53,23.88,Long Stayers
1193,Hamster,4.26,11.79,Short Stayers
1581,Cat,72.36,18.7,Long Stayers
1152,Dog,15.33,23.88,Short Stayers
1507,Dog,40.56,23.88,Long Stayers
1691,Cat,5.89,18.7,Short Stayers
1052,Guinea Pig,42.2,26.98,Long Stayers
1022,Dog,13.49,23.88,Short Stayers
1779,Cat,31.16,18.7,Long Stayers
926,Dog,36.89,23.88,Long Stayers
522,Hamster,3.03,11.79,Short Stayers
114,Bird,9.13,27.8,Short Stayers
444,Cat,10.07,18.7,Short Stayers
1173,Cat,4.23,18.7,Short Stayers
1706,Dog,47.26,23.88,Long Stayers
1933,Cat,12.66,18.7,Short Stayers
780,Guinea Pig,40.39,26.98,Long Stayers
403,Lizard,56.62,18.82,Long Stayers
1916,Cat,0.36,18.7,Short Stayers
1205,Dog,3.89,23.88,Short Stayers
1148,Cat,0.33,18.7,Short Stayers
1311,Cat,3,18.7,Short Stayers
1143,Dog,2.92,23.88,Short Stayers
590,Guinea Pig,1.36,26.98,Short Stayers
1160,Dog,15.92,23.88,Short Stayers
1832,Dog,19,23.88,Short Stayers
873,Hamster,15.36,11.79,Long Stayers
45,Dog,15.85,23.88,Short Stayers
647,Turtle,64.89,35.53,Long Stayers
344,Cat,13.23,18.7,Short Stayers
946,Dog,1.23,23.88,Short Stayers
674,Dog,43.89,23.88,Long Stayers
514,Cat,10.59,18.7,Short Stayers
634,Cat,33.39,18.7,Long Stayers
1650,Dog,2.1,23.88,Short Stayers
137,Turtle,45.16,35.53,Long Stayers
1560,Cat,33.89,18.7,Long Stayers
374,Cat,23.66,18.7,Long Stayers
289,Guinea Pig,42.1,26.98,Long Stayers
1145,Hamster,9.66,11.79,Short Stayers
1793,Fish,2.2,22.53,Short Stayers
1833,Dog,51.92,23.88,Long Stayers
841,Cat,57.43,18.7,Long Stayers
1553,Guinea Pig,45.99,26.98,Long Stayers
133,Lizard,12.95,18.82,Short Stayers
1508,Dog,10.03,23.88,Short Stayers
360,Dog,59.85,23.88,Long Stayers
1146,Fish,16.99,22.53,Short Stayers
347,Cat,33.46,18.7,Long Stayers
242,Dog,27.26,23.88,Long Stayers
199,Cat,22.33,18.7,Long Stayers
803,Cat,11.07,18.7,Short Stayers
74,Cat,13.03,18.7,Short Stayers
1465,Dog,2.66,23.88,Short Stayers
1081,Lizard,0.62,18.82,Short Stayers
1874,Dog,0.72,23.88,Short Stayers
145,Cat,3,18.7,Short Stayers
182,Cat,20.23,18.7,Long Stayers
1841,Cat,9.26,18.7,Short Stayers
296,Cat,3.07,18.7,Short Stayers
218,Cat,1.1,18.7,Short Stayers
1358,Cat,21.79,18.7,Long Stayers
1192,Cat,15.89,18.7,Short Stayers
1910,Cat,17.89,18.7,Short Stayers
1905,Dog,4.26,23.88,Short Stayers
1778,Dog,6.1,23.88,Short Stayers
1806,Dog,33.99,23.88,Long Stayers
1522,Cat,22.26,18.7,Long Stayers
1630,Cat,10.99,18.7,Short Stayers
1575,Guinea Pig,21.59,26.98,Short Stayers
202,Fish,20.99,22.53,Short Stayers
814,Snake,2.2,15.7,Short Stayers
1482,Snake,13.3,15.7,Short Stayers
48,Bird,21.99,27.8,Short Stayers
1129,Guinea Pig,14.79,26.98,Short Stayers
1817,Dog,42.23,23.88,Long Stayers
1502,Dog,55.99,23.88,Long Stayers
1912,Cat,18.49,18.7,Short Stayers
1488,Cat,10.26,18.7,Short Stayers
388,Fish,25.99,22.53,Long Stayers
153,Cat,23.53,18.7,Long Stayers
908,Cat,17.69,18.7,Short Stayers
1455,Dog,5.2,23.88,Short Stayers
1478,Cat,27.99,18.7,Long Stayers
1106,Dog,0.92,23.88,Short Stayers
963,Dog,9.66,23.88,Short Stayers
1359,Cat,7.66,18.7,Short Stayers
504,Bird,50.36,27.8,Long Stayers
1604,Cat,25.66,18.7,Long Stayers
98,Dog,72.03,23.88,Long Stayers
1135,Bird,1.36,27.8,Short Stayers
1107,Dog,10.79,23.88,Short Stayers
415,Hamster,0.3,11.79,Short Stayers
947,Dog,15.53,23.88,Short Stayers
1175,Cat,7.23,18.7,Short Stayers
1420,Dog,47.3,23.88,Long Stayers
1079,Cat,25.95,18.7,Long Stayers
1960,Fish,10.62,22.53,Short Stayers
32,Cat,17.82,18.7,Short Stayers
629,Cat,17.16,18.7,Short Stayers
586,Dog,4.16,23.88,Short Stayers
233,Cat,2.53,18.7,Short Stayers
1580,Dog,51.92,23.88,Long Stayers
785,Dog,40.95,23.88,Long Stayers
1128,Guinea Pig,13.36,26.98,Short Stayers
886,Dog,7.49,23.88,Short Stayers
1222,Rabbit,43.23,15.57,Long Stayers
1315,Dog,41.99,23.88,Long Stayers
1526,Guinea Pig,36.76,26.98,Long Stayers
546,Dog,4.26,23.88,Short Stayers
1286,Dog,44.2,23.88,Long Stayers
987,Guinea Pig,29.53,26.98,Long Stayers
376,Dog,43.46,23.88,Long Stayers
1802,Fish,0.76,22.53,Short Stayers
364,Cat,13.69,18.7,Short Stayers
313,Bird,6.53,27.8,Short Stayers
1284,Guinea Pig,9.99,26.98,Short Stayers
1064,Cat,17.82,18.7,Short Stayers
1050,Guinea Pig,21.99,26.98,Short Stayers
1714,Dog,67.66,23.88,Long Stayers
57,Fish,30.99,22.53,Long Stayers
19,Rabbit,4.3,15.57,Short Stayers
118,Guinea Pig,12.99,26.98,Short Stayers
1374,Guinea Pig,78.99,26.98,Long Stayers
408,Cat,62,18.7,Long Stayers
618,Dog,3.43,23.88,Short Stayers
1301,Dog,5.56,23.88,Short Stayers
1458,Dog,31.99,23.88,Long Stayers
1367,Turtle,31.56,35.53,Short Stayers
637,Cat,1.89,18.7,Short Stayers
398,Cat,17.82,18.7,Short Stayers
1061,Fish,25.99,22.53,Long Stayers
85,Guinea Pig,8.26,26.98,Short Stayers
96,Dog,2,23.88,Short Stayers
46,Dog,1.36,23.88,Short Stayers
1368,Dog,71.99,23.88,Long Stayers
60,Cat,3.56,18.7,Short Stayers
310,Dog,33.56,23.88,Long Stayers
1752,Hamster,19.82,11.79,Long Stayers
1244,Cat,0.2,18.7,Short Stayers
648,Hamster,14.99,11.79,Long Stayers
479,Dog,18.1,23.88,Short Stayers
458,Cat,2.16,18.7,Short Stayers
1807,Dog,11.99,23.88,Short Stayers
1272,Guinea Pig,7.92,26.98,Short Stayers
966,Dog,5.53,23.88,Short Stayers
1600,Dog,35.76,23.88,Long Stayers
596,Cat,49.26,18.7,Long Stayers
1515,Dog,0.95,23.88,Short Stayers
591,Cat,56.2,18.7,Long Stayers
1853,Bird,28.99,27.8,Long Stayers
791,Cat,30.53,18.7,Long Stayers
1838,Cat,9.62,18.7,Short Stayers
592,Dog,5.03,23.88,Short Stayers
1087,Dog,59.72,23.88,Long Stayers
1878,Cat,0.72,18.7,Short Stayers
1186,Bird,26.3,27.8,Short Stayers
1768,Lizard,38.07,18.82,Long Stayers
974,Dog,10.69,23.88,Short Stayers
66,Cat,6.03,18.7,Short Stayers
432,Dog,39.07,23.88,Long Stayers
410,Dog,22.53,23.88,Short Stayers
41,Cat,5.03,18.7,Short Stayers
1223,Dog,67.99,23.88,Long Stayers
795,Cat,20.69,18.7,Long Stayers
348,Cat,4.85,18.7,Short Stayers
443,Dog,29.99,23.88,Long Stayers
1920,Rabbit,3.85,15.57,Short Stayers
130,Dog,6.36,23.88,Short Stayers
1341,Dog,68.26,23.88,Long Stayers
1549,Cat,20.66,18.7,Long Stayers
1518,Dog,47.2,23.88,Long Stayers
251,Guinea Pig,16.99,26.98,Short Stayers
1271,Dog,17.1,23.88,Short Stayers
1882,Cat,17.1,18.7,Short Stayers
1574,Dog,3.62,23.88,Short Stayers
1180,Dog,4.76,23.88,Short Stayers
768,Lizard,10.23,18.82,Short Stayers
859,Dog,27.1,23.88,Long Stayers
1968,Dog,35.33,23.88,Long Stayers
2000,Dog,5.26,23.88,Short Stayers
1419,Dog,43.23,23.88,Long Stayers
1241,Lizard,4.39,18.82,Short Stayers
1484,Cat,11.53,18.7,Short Stayers
1825,Cat,26.07,18.7,Long Stayers
61,Guinea Pig,19.99,26.98,Short Stayers
867,Cat,17.95,18.7,Short Stayers
1903,Dog,63.95,23.88,Long Stayers
1208,Dog,48.33,23.88,Long Stayers
1290,Cat,1.49,18.7,Short Stayers
105,Snake,0.76,15.7,Short Stayers
1626,Dog,36.46,23.88,Long Stayers
1408,Dog,28.03,23.88,Long Stayers
1884,Dog,16.82,23.88,Short Stayers
146,Cat,34.23,18.7,Long Stayers
1260,Cat,37.13,18.7,Long Stayers
904,Lizard,30.53,18.82,Long Stayers
1032,Cat,17.72,18.7,Short Stayers
1072,Dog,19.56,23.88,Short Stayers
892,Dog,3.1,23.88,Short Stayers
306,Cat,1.53,18.7,Short Stayers
1688,Guinea Pig,29.99,26.98,Long Stayers
1306,Guinea Pig,31.99,26.98,Long Stayers
1199,Cat,6.2,18.7,Short Stayers
1687,Dog,34.39,23.88,Long Stayers
1731,Fish,65.99,22.53,Long Stayers
1165,Dog,43.13,23.88,Long Stayers
1634,Cat,9.2,18.7,Short Stayers
208,Dog,5.26,23.88,Short Stayers
748,Fish,28.49,22.53,Long Stayers
1049,Dog,5.36,23.88,Short Stayers
1834,Dog,16.66,23.88,Short Stayers
687,Dog,3.36,23.88,Short Stayers
1708,Bird,58.85,27.8,Long Stayers
1996,Dog,33.79,23.88,Long Stayers
424,Cat,16.2,18.7,Short Stayers
1555,Cat,18.36,18.7,Short Stayers
1101,Dog,21.07,23.88,Short Stayers
1274,Bird,53.13,27.8,Long Stayers
1021,Dog,62.2,23.88,Long Stayers
1533,Dog,5.59,23.88,Short Stayers
903,Cat,59.99,18.7,Long Stayers
1741,Fish,69.99,22.53,Long Stayers
420,Cat,37.36,18.7,Long Stayers
1872,Fish,33.99,22.53,Long Stayers
381,Hamster,15.72,11.79,Long Stayers
481,Cat,13.1,18.7,Short Stayers
1971,Fish,14.92,22.53,Short Stayers
92,Dog,3.69,23.88,Short Stayers
1862,Dog,6.43,23.88,Short Stayers
839,Cat,10.43,18.7,Short Stayers
1551,Bird,38.99,27.8,Long Stayers
728,Guinea Pig,8,26.98,Short Stayers
1907,Rabbit,2.79,15.57,Short Stayers
155,Dog,47.99,23.88,Long Stayers
1092,Hamster,25.53,11.79,Long Stayers
15,Cat,39.79,18.7,Long Stayers
800,Fish,12.99,22.53,Short Stayers
1898,Dog,39.49,23.88,Long Stayers
1204,Hamster,11.53,11.79,Short Stayers
831,Cat,2.39,18.7,Short Stayers
665,Guinea Pig,12.76,26.98,Short Stayers
1218,Cat,22.53,18.7,Long Stayers
654,Cat,15.92,18.7,Short Stayers
804,Snake,2.16,15.7,Short Stayers
1893,Hamster,14.39,11.79,Long Stayers
1700,Dog,31.16,23.88,Long Stayers
1491,Cat,0.56,18.7,Short Stayers
366,Cat,6.89,18.7,Short Stayers
1668,Dog,25.43,23.88,Long Stayers
1759,Rabbit,19.1,15.57,Long Stayers
1183,Cat,16.33,18.7,Short Stayers
525,Cat,26.36,18.7,Long Stayers
1975,Dog,6.76,23.88,Short Stayers
920,Cat,3.72,18.7,Short Stayers
838,Dog,55.62,23.88,Long Stayers
1864,Hamster,18.39,11.79,Long Stayers
1669,Cat,25.69,18.7,Long Stayers
172,Hamster,2.95,11.79,Short Stayers
820,Lizard,32.76,18.82,Long Stayers
835,Cat,22.1,18.7,Long Stayers
830,Cat,13.33,18.7,Short Stayers
406,Dog,5.69,23.88,Short Stayers
413,Dog,36.99,23.88,Long Stayers
752,Bird,52.99,27.8,Long Stayers
11,Dog,31.56,23.88,Long Stayers
1601,Bird,29.99,27.8,Long Stayers
1027,Dog,1.16,23.88,Short Stayers
93,Hamster,16.69,11.79,Long Stayers
192,Fish,7.76,22.53,Short Stayers
316,Hamster,10.46,11.79,Short Stayers
1224,Guinea Pig,17,26.98,Short Stayers
1880,Cat,2.56,18.7,Short Stayers
1053,Cat,5,18.7,Short Stayers
448,Cat,6.23,18.7,Short Stayers
1206,Dog,30.07,23.88,Long Stayers
786,Cat,28.69,18.7,Long Stayers
1711,Dog,12.79,23.88,Short Stayers
1812,Lizard,9.89,18.82,Short Stayers
1323,Cat,12.23,18.7,Short Stayers
876,Cat,38.66,18.7,Long Stayers
1065,Cat,12.43,18.7,Short Stayers
530,Cat,1.56,18.7,Short Stayers
870,Bird,47.13,27.8,Long Stayers
1149,Lizard,23.85,18.82,Long Stayers
512,Cat,8.59,18.7,Short Stayers
639,Dog,50.26,23.88,Long Stayers
1696,Cat,6.26,18.7,Short Stayers
1613,Cat,2.99,18.7,Short Stayers
1705,Dog,25.69,23.88,Long Stayers
162,Rabbit,1.62,15.57,Short Stayers
503,Dog,0.13,23.88,Short Stayers
779,Cat,1.89,18.7,Short Stayers
215,Hamster,15.72,11.79,Long Stayers
884,Cat,15.33,18.7,Short Stayers
431,Dog,3.16,23.88,Short Stayers
604,Parrot,36.89,32.05,Long Stayers
1233,Dog,5.36,23.88,Short Stayers
419,Fish,2.43,22.53,Short Stayers
56,Dog,29.43,23.88,Long Stayers
1839,Dog,13.39,23.88,Short Stayers
1479,Dog,2.26,23.88,Short Stayers
1007,Guinea Pig,0.85,26.98,Short Stayers
738,Dog,48.66,23.88,Long Stayers
1718,Cat,66.56,18.7,Long Stayers
1598,Rabbit,2.07,15.57,Short Stayers
1324,Bird,55.39,27.8,Long Stayers
1950,Dog,36.92,23.88,Long Stayers
250,Cat,30.99,18.7,Long Stayers
1085,Parrot,1.72,32.05,Short Stayers
1990,Rabbit,6.66,15.57,Short Stayers
628,Cat,12.79,18.7,Short Stayers
464,Dog,38.66,23.88,Long Stayers
370,Cat,23.26,18.7,Long Stayers
1545,Cat,49.59,18.7,Long Stayers
103,Dog,12.72,23.88,Short Stayers
585,Cat,30.26,18.7,Long Stayers
1365,Dog,62.72,23.88,Long Stayers
246,Cat,21,18.7,Long Stayers
1758,Bird,4.89,27.8,Short Stayers
217,Cat,2.16,18.7,Short Stayers
1980,Snake,1.72,15.7,Short Stayers
555,Guinea Pig,34.99,26.98,Long Stayers
1161,Guinea Pig,40.85,26.98,Long Stayers
1470,Cat,24.85,18.7,Long Stayers
1809,Dog,40.79,23.88,Long Stayers
358,Fish,22.43,22.53,Short Stayers
430,Cat,10.3,18.7,Short Stayers
917,Guinea Pig,3.99,26.98,Short Stayers
1844,Dog,2.36,23.88,Short Stayers
1590,Dog,5.53,23.88,Short Stayers
1840,Cat,42.72,18.7,Long Stayers
837,Cat,9.85,18.7,Short Stayers
1040,Cat,9.36,18.7,Short Stayers
702,Lizard,9.76,18.82,Short Stayers
1567,Parrot,27.36,32.05,Short Stayers
268,Cat,10.26,18.7,Short Stayers
1726,Cat,12.33,18.7,Short Stayers
353,Lizard,40.36,18.82,Long Stayers
1685,Fish,28.99,22.53,Long Stayers
414,Dog,4.66,23.88,Short Stayers
1639,Guinea Pig,31.99,26.98,Long Stayers
606,Fish,32.99,22.53,Long Stayers
866,Cat,7.76,18.7,Short Stayers
1371,Cat,6.85,18.7,Short Stayers
397,Cat,8.3,18.7,Short Stayers
1467,Bird,13.39,27.8,Short Stayers
1016,Dog,69.2,23.88,Long Stayers
1573,Parrot,54.95,32.05,Long Stayers
196,Dog,10.2,23.88,Short Stayers
1452,Cat,1.23,18.7,Short Stayers
27,Cat,4.53,18.7,Short Stayers
1558,Fish,32.53,22.53,Long Stayers
393,Dog,5.23,23.88,Short Stayers
1525,Snake,13.36,15.7,Short Stayers
1730,Cat,63.2,18.7,Long Stayers
132,Cat,0.76,18.7,Short Stayers
261,Dog,78.85,23.88,Long Stayers
1946,Dog,47.89,23.88,Long Stayers
489,Guinea Pig,25.26,26.98,Short Stayers
1215,Parrot,5.85,32.05,Short Stayers
1243,Cat,59.79,18.7,Long Stayers
1198,Dog,25.26,23.88,Long Stayers
957,Bird,15.92,27.8,Short Stayers
97,Guinea Pig,2.33,26.98,Short Stayers
1427,Dog,26.79,23.88,Long Stayers
1078,Dog,32.56,23.88,Long Stayers
652,Cat,8.13,18.7,Short Stayers
710,Cat,14.95,18.7,Short Stayers
832,Rabbit,0.53,15.57,Short Stayers
1887,Hamster,31.69,11.79,Long Stayers
427,Rabbit,34.39,15.57,Long Stayers
696,Cat,22.89,18.7,Long Stayers
203,Snake,32.66,15.7,Long Stayers
350,Dog,2.23,23.88,Short Stayers
1952,Parrot,34.72,32.05,Long Stayers
706,Dog,45.23,23.88,Long Stayers
986,Cat,37.16,18.7,Long Stayers
1210,Rabbit,7.39,15.57,Short Stayers
880,Bird,17.49,27.8,Short Stayers
734,Cat,58.95,18.7,Long Stayers
631,Cat,13.85,18.7,Short Stayers
228,Dog,27.49,23.88,Long Stayers
661,Hamster,15.82,11.79,Long Stayers
960,Cat,41.23,18.7,Long Stayers
1466,Turtle,63.03,35.53,Long Stayers
1144,Dog,21.82,23.88,Short Stayers
156,Guinea Pig,11.62,26.98,Short Stayers
1627,Cat,47.92,18.7,Long Stayers
662,Dog,77.43,23.88,Long Stayers
151,Cat,4.2,18.7,Short Stayers
719,Fish,8.13,22.53,Short Stayers
1534,Guinea Pig,1.46,26.98,Short Stayers
272,Cat,2.66,18.7,Short Stayers
775,Guinea Pig,54.69,26.98,Long Stayers
1039,Dog,31.95,23.88,Long Stayers
1676,Dog,23.43,23.88,Short Stayers
1869,Cat,58.07,18.7,Long Stayers
1930,Hamster,0.23,11.79,Short Stayers
340,Dog,9.85,23.88,Short Stayers
1850,Lizard,10.26,18.82,Short Stayers
587,Cat,31.03,18.7,Long Stayers
1211,Dog,20.36,23.88,Short Stayers
466,Dog,5.85,23.88,Short Stayers
1495,Bird,17.99,27.8,Short Stayers
1280,Rabbit,19.23,15.57,Long Stayers
1503,Dog,56.59,23.88,Long Stayers
1623,Cat,11.43,18.7,Short Stayers
635,Dog,10.99,23.88,Short Stayers
1004,Dog,12.3,23.88,Short Stayers
900,Dog,29.56,23.88,Long Stayers
1954,Dog,35.99,23.88,Long Stayers
80,Lizard,21.76,18.82,Long Stayers
1011,Guinea Pig,7.62,26.98,Short Stayers
1195,Guinea Pig,51.36,26.98,Long Stayers
1744,Cat,31.76,18.7,Long Stayers
1704,Cat,22.2,18.7,Long Stayers
266,Cat,19.72,18.7,Long Stayers
1251,Cat,14.85,18.7,Short Stayers
449,Dog,27.46,23.88,Long Stayers
169,Bird,29.99,27.8,Long Stayers
677,Dog,18.92,23.88,Short Stayers
255,Cat,10.49,18.7,Short Stayers
679,Dog,6.49,23.88,Short Stayers
491,Cat,36.76,18.7,Long Stayers
1723,Dog,3.82,23.88,Short Stayers
1529,Dog,24.16,23.88,Long Stayers
1438,Rabbit,11.76,15.57,Short Stayers
226,Cat,9.56,18.7,Short Stayers
528,Cat,22,18.7,Long Stayers
1621,Fish,2.56,22.53,Short Stayers
52,Cat,6.16,18.7,Short Stayers
1418,Dog,2.43,23.88,Short Stayers
979,Dog,48.95,23.88,Long Stayers
267,Guinea Pig,17.92,26.98,Short Stayers
688,Dog,17,23.88,Short Stayers
469,Dog,1.43,23.88,Short Stayers
1483,Cat,2.07,18.7,Short Stayers
1202,Cat,14.53,18.7,Short Stayers
1751,Cat,0.79,18.7,Short Stayers
1799,Parrot,4.79,32.05,Short Stayers
273,Guinea Pig,22.99,26.98,Short Stayers
1443,Dog,17.16,23.88,Short Stayers
1978,Hamster,22.43,11.79,Long Stayers
743,Dog,22.2,23.88,Short Stayers
1989,Cat,8.82,18.7,Short Stayers
1013,Guinea Pig,41.13,26.98,Long Stayers
739,Dog,12.66,23.88,Short Stayers
282,Dog,11.53,23.88,Short Stayers
1653,Dog,21.43,23.88,Short Stayers
725,Guinea Pig,33.66,26.98,Long Stayers
70,Dog,7.82,23.88,Short Stayers
595,Cat,21.95,18.7,Long Stayers
1766,Dog,63.3,23.88,Long Stayers
633,Guinea Pig,0.92,26.98,Short Stayers
726,Cat,4.79,18.7,Short Stayers
222,Dog,26.26,23.88,Long Stayers
1169,Dog,39.59,23.88,Long Stayers
1682,Dog,19,23.88,Short Stayers
1885,Parrot,30.92,32.05,Short Stayers
1485,Lizard,31.1,18.82,Long Stayers
708,Rabbit,8.92,15.57,Short Stayers
899,Guinea Pig,50.99,26.98,Long Stayers
1421,Bird,26.62,27.8,Short Stayers
315,Dog,5.92,23.88,Short Stayers
1344,Cat,20.89,18.7,Long Stayers
1782,Bird,60.99,27.8,Long Stayers
1749,Hamster,8.76,11.79,Short Stayers
1109,Turtle,32.1,35.53,Short Stayers
488,Dog,1.53,23.88,Short Stayers
275,Lizard,38.79,18.82,Long Stayers
1815,Dog,8.23,23.88,Short Stayers
1690,Dog,2.46,23.88,Short Stayers
55,Dog,30.33,23.88,Long Stayers
274,Cat,16.3,18.7,Short Stayers
1410,Dog,4.33,23.88,Short Stayers
1498,Dog,10.99,23.88,Short Stayers
939,Cat,0.92,18.7,Short Stayers
230,Parrot,14.53,32.05,Short Stayers
471,Cat,12.66,18.7,Short Stayers
1619,Cat,25.72,18.7,Long Stayers
1047,Dog,3.62,23.88,Short Stayers
463,Dog,22.13,23.88,Short Stayers
901,Dog,20.95,23.88,Short Stayers
122,Cat,0.33,18.7,Short Stayers
367,Cat,1.99,18.7,Short Stayers
1672,Dog,34.49,23.88,Long Stayers
166,Dog,7.43,23.88,Short Stayers
733,Dog,36.03,23.88,Long Stayers
972,Dog,34.16,23.88,Long Stayers
1552,Dog,20.69,23.88,Short Stayers
1605,Dog,59.03,23.88,Long Stayers
1373,Cat,16.62,18.7,Short Stayers
1230,Cat,2.16,18.7,Short Stayers
1147,Cat,1.53,18.7,Short Stayers
875,Dog,14.72,23.88,Short Stayers
1314,Cat,42.72,18.7,Long Stayers
144,Dog,5.82,23.88,Short Stayers
1018,Cat,13.3,18.7,Short Stayers
83,Cat,13.72,18.7,Short Stayers
1617,Cat,2.1,18.7,Short Stayers
324,Guinea Pig,29.82,26.98,Long Stayers
942,Cat,2.99,18.7,Short Stayers
1237,Turtle,22.26,35.53,Short Stayers
561,Cat,2.1,18.7,Short Stayers
435,Dog,5.69,23.88,Short Stayers
284,Guinea Pig,3.26,26.98,Short Stayers
1918,Cat,6.72,18.7,Short Stayers
335,Guinea Pig,81.43,26.98,Long Stayers
1667,Lizard,7.39,18.82,Short Stayers
934,Dog,29.79,23.88,Long Stayers
1379,Fish,1.89,22.53,Short Stayers
1814,Cat,15.13,18.7,Short Stayers
314,Cat,7.13,18.7,Short Stayers
614,Turtle,78.72,35.53,Long Stayers
1519,Cat,27.89,18.7,Long Stayers
1737,Fish,1.16,22.53,Short Stayers
855,Guinea Pig,7.99,26.98,Short Stayers
1066,Cat,34.07,18.7,Long Stayers
602,Bird,5.56,27.8,Short Stayers
1327,Cat,2.85,18.7,Short Stayers
426,Dog,39.99,23.88,Long Stayers
978,Cat,2.72,18.7,Short Stayers
732,Dog,13.79,23.88,Short Stayers
1440,Dog,8.89,23.88,Short Stayers
484,Fish,26.99,22.53,Long Stayers
1366,Rabbit,15,15.57,Short Stayers
1796,Cat,35.36,18.7,Long Stayers
1886,Cat,2.46,18.7,Short Stayers
77,Cat,19.33,18.7,Long Stayers
1618,Dog,36.26,23.88,Long Stayers
1457,Parrot,47.03,32.05,Long Stayers
1559,Cat,0.33,18.7,Short Stayers
1565,Cat,9.56,18.7,Short Stayers
1154,Dog,5.07,23.88,Short Stayers
219,Fish,3,22.53,Short Stayers
404,Dog,31.07,23.88,Long Stayers
24,Cat,25.66,18.7,Long Stayers
1902,Guinea Pig,23.72,26.98,Short Stayers
563,Guinea Pig,46.99,26.98,Long Stayers
1213,Hamster,0.69,11.79,Short Stayers
470,Dog,48.89,23.88,Long Stayers
1955,Dog,13.16,23.88,Short Stayers
727,Cat,0.92,18.7,Short Stayers
1985,Dog,77.72,23.88,Long Stayers
1331,Lizard,17.1,18.82,Short Stayers
1471,Fish,30.99,22.53,Long Stayers
389,Dog,8.62,23.88,Short Stayers
1035,Cat,35.16,18.7,Long Stayers
1790,Cat,14.76,18.7,Short Stayers
782,Parrot,18.43,32.05,Short Stayers
755,Dog,29.26,23.88,Long Stayers
417,Dog,9.59,23.88,Short Stayers
1119,Cat,1.36,18.7,Short Stayers
638,Cat,42.53,18.7,Long Stayers
1336,Cat,5.59,18.7,Short Stayers
1270,Cat,16.03,18.7,Short Stayers
1328,Cat,48.13,18.7,Long Stayers
1239,Cat,34.92,18.7,Long Stayers
552,Cat,2.53,18.7,Short Stayers
396,Cat,33.66,18.7,Long Stayers
1093,Dog,0.3,23.88,Short Stayers
1006,Bird,3.66,27.8,Short Stayers
1414,Hamster,11.3,11.79,Short Stayers
225,Cat,12.72,18.7,Short Stayers
1309,Bird,48.99,27.8,Long Stayers
760,Turtle,14.62,35.53,Short Stayers
929,Guinea Pig,3.33,26.98,Short Stayers
462,Cat,32.36,18.7,Long Stayers
1077,Cat,14.43,18.7,Short Stayers
1900,Fish,35.49,22.53,Long Stayers
949,Dog,12.72,23.88,Short Stayers
447,Dog,14.79,23.88,Short Stayers
1221,Bird,30.16,27.8,Long Stayers
71,Cat,21.13,18.7,Long Stayers
980,Fish,43.26,22.53,Long Stayers
911,Dog,22.92,23.88,Short Stayers
5,Cat,1.26,18.7,Short Stayers
1249,Dog,22.66,23.88,Short Stayers
691,Cat,5.53,18.7,Short Stayers
1988,Cat,12.79,18.7,Short Stayers
440,Cat,0.39,18.7,Short Stayers
211,Hamster,13.33,11.79,Long Stayers
1133,Cat,8.26,18.7,Short Stayers
1255,Dog,19.82,23.88,Short Stayers
542,Cat,57.26,18.7,Long Stayers
1822,Rabbit,5.23,15.57,Short Stayers
165,Guinea Pig,41.99,26.98,Long Stayers
1746,Dog,16.66,23.88,Short Stayers
1655,Dog,3.3,23.88,Short Stayers
113,Cat,7.76,18.7,Short Stayers
1602,Parrot,47.03,32.05,Long Stayers
1774,Fish,31.13,22.53,Long Stayers
1042,Cat,16.33,18.7,Short Stayers
1938,Lizard,16.85,18.82,Short Stayers
895,Cat,27.62,18.7,Long Stayers
147,Hamster,12.07,11.79,Long Stayers
681,Cat,14.16,18.7,Short Stayers
1220,Rabbit,27.13,15.57,Long Stayers
981,Fish,9.99,22.53,Short Stayers
1576,Cat,29.3,18.7,Long Stayers
1294,Dog,18.62,23.88,Short Stayers
554,Cat,34.43,18.7,Long Stayers
495,Cat,7.69,18.7,Short Stayers
1048,Dog,27.59,23.88,Long Stayers
756,Dog,68.85,23.88,Long Stayers
843,Hamster,8.03,11.79,Short Stayers
1009,Parrot,19,32.05,Short Stayers
342,Bird,12.89,27.8,Short Stayers
1394,Cat,59.66,18.7,Long Stayers
996,Dog,43.3,23.88,Long Stayers
320,Guinea Pig,24.79,26.98,Short Stayers
667,Dog,16.46,23.88,Short Stayers
264,Bird,21.92,27.8,Short Stayers
50,Dog,6.2,23.88,Short Stayers
601,Cat,9.92,18.7,Short Stayers
794,Fish,9.79,22.53,Short Stayers
1707,Dog,6.53,23.88,Short Stayers
1777,Guinea Pig,12.23,26.98,Short Stayers
712,Bird,26.99,27.8,Short Stayers
1401,Dog,37.99,23.88,Long Stayers
924,Cat,51.79,18.7,Long Stayers
669,Dog,25.89,23.88,Long Stayers
751,Dog,47,23.88,Long Stayers
1295,Dog,2.66,23.88,Short Stayers
369,Dog,3.13,23.88,Short Stayers
321,Hamster,20.82,11.79,Long Stayers
104,Guinea Pig,16.99,26.98,Short Stayers
1763,Cat,24.66,18.7,Long Stayers
593,Dog,22.99,23.88,Short Stayers
1278,Dog,21.33,23.88,Short Stayers
181,Guinea Pig,0.3,26.98,Short Stayers
597,Dog,45.53,23.88,Long Stayers
1904,Cat,8.79,18.7,Short Stayers
573,Cat,2.92,18.7,Short Stayers
961,Dog,6.33,23.88,Short Stayers
304,Dog,12.69,23.88,Short Stayers
1888,Dog,25.07,23.88,Long Stayers
1403,Dog,19.03,23.88,Short Stayers
213,Hamster,5.66,11.79,Short Stayers
657,Cat,66.59,18.7,Long Stayers
1392,Hamster,0.39,11.79,Short Stayers
1539,Dog,56.1,23.88,Long Stayers
660,Rabbit,5.82,15.57,Short Stayers
1757,Dog,12.72,23.88,Short Stayers
163,Cat,2.26,18.7,Short Stayers
663,Dog,6.16,23.88,Short Stayers
494,Dog,16.36,23.88,Short Stayers
529,Fish,0.07,22.53,Short Stayers
472,Dog,36.99,23.88,Long Stayers
1644,Cat,0.39,18.7,Short Stayers
1612,Dog,80.07,23.88,Long Stayers
938,Guinea Pig,3.07,26.98,Short Stayers
750,Bird,26.99,27.8,Short Stayers
1614,Dog,9.13,23.88,Short Stayers
423,Fish,9.43,22.53,Short Stayers
1121,Cat,70.89,18.7,Long Stayers
754,Cat,14.26,18.7,Short Stayers
461,Cat,20.46,18.7,Long Stayers
636,Dog,21.2,23.88,Short Stayers
1824,Cat,52,18.7,Long Stayers
1240,Guinea Pig,15.99,26.98,Short Stayers
1956,Parrot,22.76,32.05,Short Stayers
1861,Dog,16.72,23.88,Short Stayers
331,Dog,3.89,23.88,Short Stayers
653,Cat,42,18.7,Long Stayers
496,Rabbit,24.66,15.57,Long Stayers
1425,Cat,14.62,18.7,Short Stayers
1468,Cat,1.36,18.7,Short Stayers
235,Rabbit,21.85,15.57,Long Stayers
574,Guinea Pig,7.62,26.98,Short Stayers
1229,Dog,0.49,23.88,Short Stayers
1025,Cat,5.46,18.7,Short Stayers
965,Parrot,33.33,32.05,Long Stayers
1951,Guinea Pig,10.36,26.98,Short Stayers
210,Lizard,8.56,18.82,Short Stayers
1651,Guinea Pig,47.99,26.98,Long Stayers
959,Guinea Pig,66.62,26.98,Long Stayers
1499,Cat,8.76,18.7,Short Stayers
759,Guinea Pig,42.99,26.98,Long Stayers
285,Dog,39.82,23.88,Long Stayers
774,Rabbit,4.85,15.57,Short Stayers
1083,Dog,73.59,23.88,Long Stayers
655,Cat,0.36,18.7,Short Stayers
626,Hamster,1.07,11.79,Short Stayers
1926,Guinea Pig,20.56,26.98,Short Stayers
1297,Cat,16.89,18.7,Short Stayers
1579,Dog,56.85,23.88,Long Stayers
221,Fish,41.26,22.53,Long Stayers
1787,Parrot,80.66,32.05,Long Stayers
930,Bird,39.1,27.8,Long Stayers
1490,Fish,1.99,22.53,Short Stayers
967,Guinea Pig,19.95,26.98,Short Stayers
1288,Fish,0.39,22.53,Short Stayers
784,Cat,5.3,18.7,Short Stayers
1550,Dog,17.16,23.88,Short Stayers
277,Dog,1.16,23.88,Short Stayers
116,Bird,45.46,27.8,Long Stayers
594,Dog,11.23,23.88,Short Stayers
454,Dog,49.36,23.88,Long Stayers
1591,Dog,42.39,23.88,Long Stayers
1656,Dog,23.95,23.88,Long Stayers
1405,Cat,20.62,18.7,Long Stayers
877,Cat,16.82,18.7,Short Stayers
1308,Lizard,6.2,18.82,Short Stayers
577,Guinea Pig,22.99,26.98,Short Stayers
709,Dog,38.99,23.88,Long Stayers
1506,Guinea Pig,16.33,26.98,Short Stayers
90,Bird,2.16,27.8,Short Stayers
1735,Dog,0.39,23.88,Short Stayers
1973,Cat,26.1,18.7,Long Stayers
1487,Guinea Pig,4.46,26.98,Short Stayers
1329,Cat,14.2,18.7,Short Stayers
1095,Cat,1.92,18.7,Short Stayers
1313,Dog,3.76,23.88,Short Stayers
714,Dog,5.43,23.88,Short Stayers
721,Bird,14.1,27.8,Short Stayers
599,Dog,34.46,23.88,Long Stayers
433,Fish,3.62,22.53,Short Stayers
349,Cat,4.69,18.7,Short Stayers
95,Cat,23.56,18.7,Long Stayers
258,Guinea Pig,32.26,26.98,Long Stayers
954,Fish,9.03,22.53,Short Stayers
298,Dog,19.2,23.88,Short Stayers
35,Guinea Pig,5.3,26.98,Short Stayers
1571,Cat,25.89,18.7,Long Stayers
1012,Guinea Pig,23.56,26.98,Short Stayers
1330,Cat,29.49,18.7,Long Stayers
346,Fish,11.95,22.53,Short Stayers
817,Fish,4.1,22.53,Short Stayers
214,Cat,0.56,18.7,Short Stayers
482,Guinea Pig,49.99,26.98,Long Stayers
1322,Dog,49.99,23.88,Long Stayers
1849,Cat,39.85,18.7,Long Stayers
1396,Dog,32.99,23.88,Long Stayers
1369,Dog,0.26,23.88,Short Stayers
1496,Dog,8.76,23.88,Short Stayers
1178,Dog,11.53,23.88,Short Stayers
179,Guinea Pig,31.3,26.98,Long Stayers
416,Bird,10.99,27.8,Short Stayers
212,Snake,8.2,15.7,Short Stayers
1423,Cat,48.99,18.7,Long Stayers
718,Hamster,8.69,11.79,Short Stayers
327,Dog,22.66,23.88,Short Stayers
79,Bird,30.76,27.8,Long Stayers
1629,Dog,15.69,23.88,Short Stayers
758,Cat,2.39,18.7,Short Stayers
1497,Dog,1.43,23.88,Short Stayers
185,Snake,36,15.7,Long Stayers
1615,Cat,4.16,18.7,Short Stayers
1935,Guinea Pig,19.13,26.98,Short Stayers
683,Cat,2.26,18.7,Short Stayers
1981,Guinea Pig,47.92,26.98,Long Stayers
379,Dog,6.3,23.88,Short Stayers
1972,Hamster,4.85,11.79,Short Stayers
1238,Dog,1.16,23.88,Short Stayers
1925,Dog,28.85,23.88,Long Stayers
1184,Bird,69.76,27.8,Long Stayers
773,Cat,36.36,18.7,Long Stayers
459,Cat,3.92,18.7,Short Stayers
519,Cat,41.99,18.7,Long Stayers
846,Dog,24.72,23.88,Long Stayers
1500,Dog,1.62,23.88,Short Stayers
1780,Cat,3.49,18.7,Short Stayers
650,Dog,17.46,23.88,Short Stayers
1879,Cat,2.89,18.7,Short Stayers
1138,Snake,1.76,15.7,Short Stayers
890,Guinea Pig,27.33,26.98,Long Stayers
716,Cat,38.46,18.7,Long Stayers
428,Cat,13.82,18.7,Short Stayers
1890,Dog,14.39,23.88,Short Stayers
1384,Dog,12.43,23.88,Short Stayers
1948,Cat,41.1,18.7,Long Stayers
1517,Guinea Pig,9.53,26.98,Short Stayers
1177,Dog,6.07,23.88,Short Stayers
778,Hamster,3.49,11.79,Short Stayers
1357,Cat,9.85,18.7,Short Stayers
1176,Guinea Pig,58.99,26.98,Long Stayers
25,Guinea Pig,62.2,26.98,Long Stayers
737,Dog,36.56,23.88,Long Stayers
608,Hamster,12.92,11.79,Long Stayers
805,Guinea Pig,11.99,26.98,Short Stayers
1110,Guinea Pig,0.72,26.98,Short Stayers
1475,Dog,4.13,23.88,Short Stayers
1493,Parrot,14.49,32.05,Short Stayers
1132,Cat,2.76,18.7,Short Stayers
848,Guinea Pig,1.76,26.98,Short Stayers
1747,Dog,68.95,23.88,Long Stayers
120,Cat,21.26,18.7,Long Stayers
1881,Dog,21,23.88,Short Stayers
1074,Dog,45.72,23.88,Long Stayers
1265,Snake,45.53,15.7,Long Stayers
558,Fish,19.13,22.53,Short Stayers
395,Hamster,5.23,11.79,Short Stayers
295,Dog,10.56,23.88,Short Stayers
1504,Cat,29.46,18.7,Long Stayers
1102,Guinea Pig,13.99,26.98,Short Stayers
879,Dog,51.13,23.88,Long Stayers
106,Cat,30.1,18.7,Long Stayers
425,Rabbit,18.85,15.57,Long Stayers
302,Cat,24.36,18.7,Long Stayers
1380,Dog,0.99,23.88,Short Stayers
377,Dog,28.89,23.88,Long Stayers
1871,Dog,3.1,23.88,Short Stayers
686,Parrot,0.56,32.05,Short Stayers
434,Rabbit,4.95,15.57,Short Stayers
1563,Cat,23.07,18.7,Long Stayers
1773,Dog,19.16,23.88,Short Stayers
764,Dog,1.03,23.88,Short Stayers
1940,Bird,11.99,27.8,Short Stayers
1609,Fish,43.99,22.53,Long Stayers
526,Cat,0.79,18.7,Short Stayers
317,Rabbit,1.89,15.57,Short Stayers
14,Cat,19.1,18.7,Long Stayers
288,Parrot,14.16,32.05,Short Stayers
918,Cat,14.49,18.7,Short Stayers
1480,Dog,40.23,23.88,Long Stayers
312,Dog,16,23.88,Short Stayers
1572,Guinea Pig,37.99,26.98,Long Stayers
1269,Fish,0.26,22.53,Short Stayers
1523,Guinea Pig,2.46,26.98,Short Stayers
134,Cat,5.23,18.7,Short Stayers
1785,Hamster,4.03,11.79,Short Stayers
1282,Cat,30.33,18.7,Long Stayers
1958,Dog,27.13,23.88,Long Stayers
1660,Guinea Pig,44.3,26.98,Long Stayers
1234,Cat,7.66,18.7,Short Stayers
465,Cat,32.56,18.7,Long Stayers
1643,Rabbit,17.76,15.57,Long Stayers
1364,Dog,15.07,23.88,Short Stayers
1932,Snake,2.69,15.7,Short Stayers
1343,Fish,8.99,22.53,Short Stayers
241,Guinea Pig,7.66,26.98,Short Stayers
189,Bird,48.53,27.8,Long Stayers
919,Dog,5.36,23.88,Short Stayers
1200,Fish,2.3,22.53,Short Stayers
1261,Cat,11.1,18.7,Short Stayers
520,Cat,12.39,18.7,Short Stayers
1521,Snake,38.59,15.7,Long Stayers
1108,Rabbit,59.69,15.57,Long Stayers
823,Guinea Pig,14.99,26.98,Short Stayers
1993,Cat,2.69,18.7,Short Stayers
1424,Bird,33.43,27.8,Long Stayers
1608,Fish,2.92,22.53,Short Stayers
1104,Dog,5.23,23.88,Short Stayers
1444,Cat,11.26,18.7,Short Stayers
1852,Guinea Pig,12.36,26.98,Short Stayers
811,Bird,3.62,27.8,Short Stayers
1540,Dog,49.59,23.88,Long Stayers
1214,Cat,12.82,18.7,Short Stayers
671,Dog,46.95,23.88,Long Stayers
1103,Cat,58.16,18.7,Long Stayers
460,Turtle,78.72,35.53,Long Stayers
1538,Dog,72.16,23.88,Long Stayers
1242,Hamster,9.03,11.79,Short Stayers
856,Dog,14.72,23.88,Short Stayers
476,Rabbit,42.1,15.57,Long Stayers
1446,Dog,44.2,23.88,Long Stayers
625,Dog,9.49,23.88,Short Stayers
1431,Dog,18,23.88,Short Stayers
1652,Dog,9.39,23.88,Short Stayers
188,Dog,36.53,23.88,Long Stayers
1378,Rabbit,0.2,15.57,Short Stayers
43,Fish,66.99,22.53,Long Stayers
386,Cat,0.23,18.7,Short Stayers
371,Cat,3.62,18.7,Short Stayers
1321,Dog,8.92,23.88,Short Stayers
571,Guinea Pig,23.89,26.98,Short Stayers
1847,Lizard,2.85,18.82,Short Stayers
1190,Guinea Pig,54.99,26.98,Long Stayers
828,Dog,56.76,23.88,Long Stayers
1391,Bird,75.99,27.8,Long Stayers
281,Cat,6.3,18.7,Short Stayers
1346,Dog,2.79,23.88,Short Stayers
1439,Cat,2.07,18.7,Short Stayers
580,Dog,27.3,23.88,Long Stayers
531,Dog,26.36,23.88,Long Stayers
1631,Dog,1.69,23.88,Short Stayers
720,Cat,19.43,18.7,Long Stayers
1436,Cat,22,18.7,Long Stayers
684,Fish,5.59,22.53,Short Stayers
723,Guinea Pig,35.39,26.98,Long Stayers
1512,Dog,14.26,23.88,Short Stayers
699,Snake,3.53,15.7,Short Stayers
1683,Dog,14.46,23.88,Short Stayers
898,Dog,13.85,23.88,Short Stayers
615,Dog,30.62,23.88,Long Stayers
990,Bird,46.99,27.8,Long Stayers
1417,Cat,0.66,18.7,Short Stayers
645,Dog,22.79,23.88,Short Stayers
747,Guinea Pig,5.03,26.98,Short Stayers
1794,Hamster,13.2,11.79,Long Stayers
1924,Dog,8.26,23.88,Short Stayers
616,Dog,8.03,23.88,Short Stayers
589,Cat,17.03,18.7,Short Stayers
1268,Cat,14.16,18.7,Short Stayers
1535,Guinea Pig,23.85,26.98,Short Stayers
909,Guinea Pig,5.36,26.98,Short Stayers
617,Cat,20.07,18.7,Long Stayers
1562,Dog,20.2,23.88,Short Stayers
685,Dog,6.13,23.88,Short Stayers
1459,Rabbit,27.07,15.57,Long Stayers
468,Parrot,25.43,32.05,Short Stayers
1637,Dog,31.56,23.88,Long Stayers
99,Cat,64.3,18.7,Long Stayers
845,Cat,1.33,18.7,Short Stayers
1827,Dog,12.56,23.88,Short Stayers
53,Turtle,57.56,35.53,Long Stayers
1258,Cat,18.07,18.7,Short Stayers
164,Cat,4.33,18.7,Short Stayers
291,Dog,12,23.88,Short Stayers
1303,Dog,22.33,23.88,Short Stayers
819,Dog,0.26,23.88,Short Stayers
1816,Dog,53.1,23.88,Long Stayers
1675,Dog,11.26,23.88,Short Stayers
1854,Dog,20.72,23.88,Short Stayers
1492,Dog,6.89,23.88,Short Stayers
816,Dog,58.85,23.88,Long Stayers
807,Dog,15.2,23.88,Short Stayers
1088,Bird,39.99,27.8,Long Stayers
982,Guinea Pig,30.99,26.98,Long Stayers
700,Guinea Pig,23.13,26.98,Short Stayers
394,Bird,42.56,27.8,Long Stayers
1710,Lizard,18.23,18.82,Short Stayers
229,Dog,4.69,23.88,Short Stayers
983,Dog,5.03,23.88,Short Stayers
86,Hamster,24.3,11.79,Long Stayers
715,Cat,10.3,18.7,Short Stayers
802,Dog,25.2,23.88,Long Stayers
1719,Dog,14.92,23.88,Short Stayers
1340,Cat,10.85,18.7,Short Stayers
1957,Dog,34.07,23.88,Long Stayers
1679,Dog,10.33,23.88,Short Stayers
1122,Dog,5,23.88,Short Stayers
956,Dog,23.95,23.88,Long Stayers
1191,Dog,14.89,23.88,Short Stayers
262,Cat,35.92,18.7,Long Stayers
455,Dog,27.33,23.88,Long Stayers
1606,Cat,4.69,18.7,Short Stayers
1835,Dog,45.43,23.88,Long Stayers
69,Guinea Pig,12.23,26.98,Short Stayers
572,Dog,2.43,23.88,Short Stayers
1124,Cat,6.62,18.7,Short Stayers
937,Guinea Pig,21.99,26.98,Short Stayers
1733,Dog,14.99,23.88,Short Stayers
1345,Dog,20.59,23.88,Short Stayers
1123,Dog,1.39,23.88,Short Stayers
383,Rabbit,15.3,15.57,Short Stayers
1203,Rabbit,33.69,15.57,Long Stayers
945,Dog,49.72,23.88,Long Stayers
1994,Dog,27.07,23.88,Long Stayers
1130,Cat,14.99,18.7,Short Stayers
1944,Cat,12.33,18.7,Short Stayers
1883,Cat,2.76,18.7,Short Stayers
485,Dog,11.1,23.88,Short Stayers
977,Dog,3.92,23.88,Short Stayers
1976,Dog,20.62,23.88,Short Stayers
325,Dog,11.26,23.88,Short Stayers
91,Cat,28.2,18.7,Long Stayers
276,Rabbit,2.46,15.57,Short Stayers
923,Dog,20.79,23.88,Short Stayers
1038,Cat,1.72,18.7,Short Stayers
1771,Fish,34.26,22.53,Long Stayers
1829,Dog,13.3,23.88,Short Stayers
894,Dog,5.85,23.88,Short Stayers
68,Cat,32.66,18.7,Long Stayers
1057,Cat,11.95,18.7,Short Stayers
1100,Cat,12.79,18.7,Short Stayers
893,Dog,0.2,23.88,Short Stayers
548,Cat,5.62,18.7,Short Stayers
551,Dog,2.72,23.88,Short Stayers
1775,Dog,58.95,23.88,Long Stayers
278,Dog,68.66,23.88,Long Stayers
1931,Dog,51.59,23.88,Long Stayers
141,Hamster,2.72,11.79,Short Stayers
244,Dog,5.69,23.88,Short Stayers
1943,Dog,1.07,23.88,Short Stayers
1422,Cat,12.53,18.7,Short Stayers
13,Cat,11.43,18.7,Short Stayers
1302,Cat,4.39,18.7,Short Stayers
1909,Dog,29.59,23.88,Long Stayers
1300,Cat,7.3,18.7,Short Stayers
568,Fish,5.23,22.53,Short Stayers
1137,Snake,18.46,15.7,Long Stayers
238,Cat,59.2,18.7,Long Stayers
1873,Parrot,5.2,32.05,Short Stayers
1054,Cat,28.3,18.7,Long Stayers
864,Dog,27.82,23.88,Long Stayers
1673,Dog,15.59,23.88,Short Stayers
109,Cat,8.53,18.7,Short Stayers
129,Dog,30.56,23.88,Long Stayers
1801,Cat,11.3,18.7,Short Stayers
223,Dog,9.3,23.88,Short Stayers
1474,Dog,9.16,23.88,Short Stayers
300,Lizard,17.33,18.82,Short Stayers
1781,Cat,36.33,18.7,Long Stayers
305,Guinea Pig,34.82,26.98,Long Stayers
54,Bird,36.99,27.8,Long Stayers
490,Bird,36.49,27.8,Long Stayers
1986,Parrot,63.49,32.05,Long Stayers
387,Bird,14.99,27.8,Short Stayers
1597,Cat,19.36,18.7,Long Stayers
818,Hamster,6.79,11.79,Short Stayers
1949,Dog,1.59,23.88,Short Stayers
883,Dog,30.99,23.88,Long Stayers
659,Guinea Pig,64.95,26.98,Long Stayers
1150,Fish,59.2,22.53,Long Stayers
772,Bird,31.95,27.8,Long Stayers
40,Cat,56.95,18.7,Long Stayers
1998,Lizard,5.89,18.82,Short Stayers
1548,Cat,3,18.7,Short Stayers
3,Fish,0.36,22.53,Short Stayers
1090,Dog,7.79,23.88,Short Stayers
334,Dog,26.43,23.88,Long Stayers
1158,Cat,8,18.7,Short Stayers
761,Dog,0.66,23.88,Short Stayers
492,Fish,2.69,22.53,Short Stayers
1304,Dog,25.72,23.88,Long Stayers
1441,Hamster,25.39,11.79,Long Stayers
1702,Dog,2.13,23.88,Short Stayers
1922,Dog,20.13,23.88,Short Stayers
1568,Cat,6.2,18.7,Short Stayers
1383,Rabbit,3.3,15.57,Short Stayers
505,Snake,53.59,15.7,Long Stayers
194,Cat,23.46,18.7,Long Stayers
557,Dog,54.23,23.88,Long Stayers
731,Guinea Pig,31.56,26.98,Long Stayers
1099,Cat,16.79,18.7,Short Stayers
1738,Bird,8.76,27.8,Short Stayers
621,Dog,8.33,23.88,Short Stayers
143,Dog,26.82,23.88,Long Stayers
797,Hamster,21.16,11.79,Long Stayers
1017,Cat,36.36,18.7,Long Stayers
799,Rabbit,11.49,15.57,Short Stayers
1464,Fish,5.46,22.53,Short Stayers
1877,Hamster,10.85,11.79,Short Stayers
882,Cat,5.59,18.7,Short Stayers
94,Cat,4.1,18.7,Short Stayers
827,Dog,3.07,23.88,Short Stayers
1546,Guinea Pig,1.26,26.98,Short Stayers
793,Fish,14.56,22.53,Short Stayers
1913,Fish,17.1,22.53,Short Stayers
339,Guinea Pig,8.72,26.98,Short Stayers
76,Guinea Pig,18.2,26.98,Short Stayers
270,Dog,32.99,23.88,Long Stayers
121,Dog,8.36,23.88,Short Stayers
450,Dog,21.13,23.88,Short Stayers
896,Snake,70,15.7,Long Stayers
1716,Dog,13.23,23.88,Short Stayers
1977,Dog,8.99,23.88,Short Stayers
806,Dog,25.33,23.88,Long Stayers
1510,Cat,13.92,18.7,Short Stayers
329,Cat,5.79,18.7,Short Stayers
136,Bird,6.07,27.8,Short Stayers
567,Dog,15.62,23.88,Short Stayers
1296,Cat,30.03,18.7,Long Stayers
1934,Snake,37.43,15.7,Long Stayers
641,Guinea Pig,55.99,26.98,Long Stayers
744,Hamster,6.39,11.79,Short Stayers
865,Dog,3.43,23.88,Short Stayers
1760,Lizard,1.89,18.82,Short Stayers
1693,Hamster,0.36,11.79,Short Stayers
1342,Cat,13.39,18.7,Short Stayers
1014,Dog,23.82,23.88,Short Stayers
204,Cat,11.56,18.7,Short Stayers
112,Dog,37.85,23.88,Long Stayers
902,Dog,26.79,23.88,Long Stayers
1089,Cat,23.26,18.7,Long Stayers
885,Dog,34.95,23.88,Long Stayers
849,Cat,1.66,18.7,Short Stayers
1451,Dog,27.43,23.88,Long Stayers
973,Dog,47,23.88,Long Stayers
1592,Cat,26.1,18.7,Long Stayers
1818,Cat,0.36,18.7,Short Stayers
994,Cat,6.69,18.7,Short Stayers
1097,Guinea Pig,57.53,26.98,Long Stayers
257,Hamster,25,11.79,Long Stayers
958,Bird,49.72,27.8,Long Stayers
1141,Bird,17.99,27.8,Short Stayers
1430,Rabbit,14.95,15.57,Short Stayers
1786,Dog,6.76,23.88,Short Stayers
627,Lizard,4.2,18.82,Short Stayers
1699,Cat,38.62,18.7,Long Stayers
1697,Hamster,6.66,11.79,Short Stayers
698,Dog,10.13,23.88,Short Stayers
1846,Dog,1.39,23.88,Short Stayers
1375,Hamster,31.59,11.79,Long Stayers
1227,Cat,57.16,18.7,Long Stayers
808,Guinea Pig,0.62,26.98,Short Stayers
422,Dog,19.59,23.88,Short Stayers
1307,Fish,26.59,22.53,Long Stayers
1588,Dog,45.43,23.88,Long Stayers
1168,Dog,2.53,23.88,Short Stayers
1585,Guinea Pig,4.3,26.98,Short Stayers
152,Dog,30.69,23.88,Long Stayers
271,Lizard,8.59,18.82,Short Stayers
38,Dog,12.33,23.88,Short Stayers
1666,Bird,4.36,27.8,Short Stayers
562,Guinea Pig,14.82,26.98,Short Stayers
1953,Fish,51.56,22.53,Long Stayers
1247,Dog,4.79,23.88,Short Stayers
640,Cat,0.89,18.7,Short Stayers
931,Cat,40.33,18.7,Long Stayers
1397,Hamster,0.36,11.79,Short Stayers
624,Bird,28.49,27.8,Long Stayers
1641,Cat,6.76,18.7,Short Stayers
1126,Dog,14.03,23.88,Short Stayers
881,Guinea Pig,59.99,26.98,Long Stayers
1370,Cat,30.66,18.7,Long Stayers
570,Dog,61.53,23.88,Long Stayers
1991,Cat,11.62,18.7,Short Stayers
269,Cat,15,18.7,Short Stayers
187,Cat,24.13,18.7,Long Stayers
1797,Dog,10.26,23.88,Short Stayers
1665,Guinea Pig,34.99,26.98,Long Stayers
1273,Cat,15.36,18.7,Short Stayers
941,Hamster,9.23,11.79,Short Stayers
333,Dog,2.95,23.88,Short Stayers
328,Cat,13.66,18.7,Short Stayers
1086,Dog,4.95,23.88,Short Stayers
326,Dog,2.59,23.88,Short Stayers
7,Bird,1.46,27.8,Short Stayers
42,Parrot,2.76,32.05,Short Stayers
1611,Cat,18.13,18.7,Short Stayers
1131,Dog,3.07,23.88,Short Stayers
1740,Hamster,12.62,11.79,Long Stayers
1355,Cat,42.49,18.7,Long Stayers
73,Parrot,12.85,32.05,Short Stayers
107,Hamster,22.49,11.79,Long Stayers
553,Fish,12.39,22.53,Short Stayers
245,Dog,0.36,23.88,Short Stayers
1163,Cat,13.66,18.7,Short Stayers
1589,Dog,8.53,23.88,Short Stayers
39,Dog,11.39,23.88,Short Stayers
724,Dog,29.13,23.88,Long Stayers
1513,Hamster,33.46,11.79,Long Stayers
437,Bird,45.03,27.8,Long Stayers
632,Dog,31.99,23.88,Long Stayers
1024,Cat,1.2,18.7,Short Stayers
1761,Fish,30.3,22.53,Long Stayers
18,Dog,2.1,23.88,Short Stayers
1942,Dog,26.56,23.88,Long Stayers
860,Dog,5.82,23.88,Short Stayers
1063,Hamster,0.03,11.79,Short Stayers
1167,Cat,29.13,18.7,Long Stayers
916,Bird,9.43,27.8,Short Stayers
1722,Rabbit,20.53,15.57,Long Stayers
1889,Bird,5.23,27.8,Short Stayers
763,Dog,12.89,23.88,Short Stayers
1426,Fish,24.3,22.53,Long Stayers
1569,Rabbit,2.46,15.57,Short Stayers
1098,Cat,6.07,18.7,Short Stayers
1851,Dog,1.92,23.88,Short Stayers
536,Dog,54.16,23.88,Long Stayers
1360,Cat,6.46,18.7,Short Stayers
445,Lizard,50.49,18.82,Long Stayers
997,Bird,37.46,27.8,Long Stayers
418,Dog,8.2,23.88,Short Stayers
1721,Cat,2.39,18.7,Short Stayers
1967,Dog,8.56,23.88,Short Stayers
517,Cat,49.16,18.7,Long Stayers
672,Cat,16.26,18.7,Short Stayers
1226,Cat,20.07,18.7,Long Stayers
1599,Bird,64,27.8,Long Stayers
59,Lizard,9.39,18.82,Short Stayers
231,Fish,38.76,22.53,Long Stayers
89,Cat,51.82,18.7,Long Stayers
1292,Cat,10.56,18.7,Short Stayers
1632,Dog,7.62,23.88,Short Stayers
1216,Dog,14.39,23.88,Short Stayers
1411,Cat,25.46,18.7,Long Stayers
770,Hamster,4.56,11.79,Short Stayers
1875,Cat,26.59,18.7,Long Stayers
1511,Cat,14.13,18.7,Short Stayers
1338,Guinea Pig,38.53,26.98,Long Stayers
1253,Lizard,55.59,18.82,Long Stayers
438,Dog,15.99,23.88,Short Stayers
781,Cat,20.13,18.7,Long Stayers
513,Cat,13.76,18.7,Short Stayers
1947,Rabbit,6.1,15.57,Short Stayers
301,Dog,10.16,23.88,Short Stayers
1677,Cat,0.16,18.7,Short Stayers
1076,Cat,24.07,18.7,Long Stayers
1477,Dog,1.16,23.88,Short Stayers
1209,Cat,61.53,18.7,Long Stayers
1734,Dog,7.36,23.88,Short Stayers
510,Dog,11.53,23.88,Short Stayers
1026,Cat,33.07,18.7,Long Stayers
1625,Hamster,17.39,11.79,Long Stayers
1813,Bird,18.72,27.8,Short Stayers
658,Dog,14.72,23.88,Short Stayers
1276,Cat,1.76,18.7,Short Stayers
1743,Hamster,1.89,11.79,Short Stayers
1082,Cat,12.69,18.7,Short Stayers
1941,Rabbit,22.56,15.57,Long Stayers
1389,Cat,3.1,18.7,Short Stayers
1895,Dog,34.33,23.88,Long Stayers
1310,Parrot,37.56,32.05,Long Stayers
174,Guinea Pig,16.72,26.98,Short Stayers
1127,Guinea Pig,19.82,26.98,Short Stayers
119,Fish,10.99,22.53,Short Stayers
1172,Cat,16.03,18.7,Short Stayers
950,Rabbit,38.23,15.57,Long Stayers
673,Guinea Pig,56.43,26.98,Long Stayers
545,Dog,46.23,23.88,Long Stayers
1657,Dog,3.66,23.88,Short Stayers
1692,Parrot,71.72,32.05,Long Stayers
1509,Cat,7.89,18.7,Short Stayers
33,Cat,10.39,18.7,Short Stayers
543,Cat,16.23,18.7,Short Stayers
1096,Turtle,0.85,35.53,Short Stayers
796,Cat,7.92,18.7,Short Stayers
757,Cat,0.03,18.7,Short Stayers
741,Guinea Pig,10.89,26.98,Short Stayers
1448,Rabbit,37.23,15.57,Long Stayers
735,Dog,15.66,23.88,Short Stayers
878,Dog,24.07,23.88,Long Stayers
871,Dog,30.43,23.88,Long Stayers
1772,Dog,7.46,23.88,Short Stayers
307,Cat,38.07,18.7,Long Stayers
993,Dog,31.43,23.88,Long Stayers
824,Guinea Pig,45.99,26.98,Long Stayers
1717,Guinea Pig,36.59,26.98,Long Stayers
4,Dog,15.62,23.88,Short Stayers
1964,Dog,39.56,23.88,Long Stayers
583,Guinea Pig,10.99,26.98,Short Stayers
150,Cat,1.1,18.7,Short Stayers
869,Fish,17.72,22.53,Short Stayers
1821,Dog,34.13,23.88,Long Stayers
1235,Cat,1.62,18.7,Short Stayers
1658,Guinea Pig,22.99,26.98,Short Stayers
483,Hamster,20.56,11.79,Long Stayers
722,Dog,18.13,23.88,Short Stayers
1997,Cat,39.13,18.7,Long Stayers
446,Dog,47.59,23.88,Long Stayers
518,Lizard,16.89,18.82,Short Stayers
1320,Cat,17.56,18.7,Short Stayers
998,Lizard,4.03,18.82,Short Stayers
1979,Guinea Pig,16.99,26.98,Short Stayers
159,Dog,12.82,23.88,Short Stayers
499,Bird,37.99,27.8,Long Stayers
1727,Dog,10.36,23.88,Short Stayers
1376,Dog,6.46,23.88,Short Stayers
1659,Fish,64.99,22.53,Long Stayers
1805,Cat,54.1,18.7,Long Stayers
1059,Cat,1.07,18.7,Short Stayers
453,Cat,10.62,18.7,Short Stayers
1911,Dog,55,23.88,Long Stayers
409,Guinea Pig,0.89,26.98,Short Stayers
1587,Cat,43.69,18.7,Long Stayers
1326,Dog,31.07,23.88,Long Stayers
1891,Hamster,14.03,11.79,Long Stayers
1701,Dog,21.92,23.88,Short Stayers
8,Lizard,12.66,18.82,Short Stayers
1970,Dog,41.92,23.88,Long Stayers
933,Cat,13,18.7,Short Stayers
1395,Dog,46.69,23.88,Long Stayers
405,Dog,37.59,23.88,Long Stayers
2,Hamster,5.95,11.79,Short Stayers
717,Dog,53.99,23.88,Long Stayers
544,Cat,0.03,18.7,Short Stayers
1256,Hamster,15.03,11.79,Long Stayers
1291,Bird,63.72,27.8,Long Stayers
690,Dog,56.76,23.88,Long Stayers
1281,Cat,12.62,18.7,Short Stayers
952,Dog,45.07,23.88,Long Stayers
1689,Cat,18.33,18.7,Short Stayers
539,Cat,4.82,18.7,Short Stayers
224,Cat,24.79,18.7,Long Stayers
925,Snake,0.33,15.7,Short Stayers
1855,Bird,47.99,27.8,Long Stayers
227,Cat,0.56,18.7,Short Stayers
1620,Dog,29.53,23.88,Long Stayers
507,Hamster,16.72,11.79,Long Stayers
707,Bird,33.53,27.8,Long Stayers
474,Bird,12.99,27.8,Short Stayers
1115,Bird,6.49,27.8,Short Stayers
149,Cat,6.36,18.7,Short Stayers
1225,Cat,19.62,18.7,Long Stayers
854,Parrot,54.39,32.05,Long Stayers
603,Dog,47.03,23.88,Long Stayers
1870,Bird,51.69,27.8,Long Stayers
1442,Cat,4.03,18.7,Short Stayers
28,Dog,25.99,23.88,Long Stayers
1318,Dog,4.23,23.88,Short Stayers
308,Dog,19.92,23.88,Short Stayers
642,Dog,37.99,23.88,Long Stayers
1848,Lizard,4.03,18.82,Short Stayers
1187,Lizard,36.46,18.82,Long Stayers
1570,Dog,7.03,23.88,Short Stayers
1334,Cat,1.46,18.7,Short Stayers
1046,Cat,16.49,18.7,Short Stayers
1578,Cat,16,18.7,Short Stayers
1635,Dog,48.2,23.88,Long Stayers
1962,Cat,9.95,18.7,Short Stayers
286,Dog,41.13,23.88,Long Stayers
1382,Turtle,0.53,35.53,Short Stayers
265,Guinea Pig,37.99,26.98,Long Stayers
569,Dog,43,23.88,Long Stayers
1732,Cat,32.62,18.7,Long Stayers
62,Cat,35.92,18.7,Long Stayers
385,Cat,14.85,18.7,Short Stayers
1023,Dog,2.23,23.88,Short Stayers
1901,Dog,59.76,23.88,Long Stayers
995,Rabbit,49.92,15.57,Long Stayers
798,Cat,27.79,18.7,Long Stayers
1402,Guinea Pig,16.56,26.98,Short Stayers
158,Cat,43.26,18.7,Long Stayers
110,Cat,20.26,18.7,Long Stayers
475,Dog,26.03,23.88,Long Stayers
1118,Cat,50.07,18.7,Long Stayers
280,Cat,7.2,18.7,Short Stayers
1113,Dog,13.3,23.88,Short Stayers
75,Dog,39.99,23.88,Long Stayers
1596,Bird,80.66,27.8,Long Stayers
1080,Lizard,15.2,18.82,Short Stayers
646,Hamster,9.59,11.79,Short Stayers
740,Bird,4.92,27.8,Short Stayers
1461,Cat,16.99,18.7,Short Stayers
559,Dog,21.69,23.88,Short Stayers
1449,Turtle,61.92,35.53,Long Stayers
524,Cat,25.92,18.7,Long Stayers
23,Cat,29.99,18.7,Long Stayers
58,Cat,14.79,18.7,Short Stayers
362,Parrot,49.99,32.05,Long Stayers
792,Cat,10.46,18.7,Short Stayers
1810,Cat,8.36,18.7,Short Stayers
1352,Dog,15.72,23.88,Short Stayers
378,Dog,5.53,23.88,Short Stayers
1543,Hamster,12.99,11.79,Long Stayers
354,Lizard,41.07,18.82,Long Stayers
771,Dog,16.72,23.88,Short Stayers
1739,Dog,26.56,23.88,Long Stayers
411,Cat,49.76,18.7,Long Stayers
649,Dog,27.1,23.88,Long Stayers
10,Fish,43.99,22.53,Long Stayers
694,Dog,19.99,23.88,Short Stayers
1959,Fish,7.49,22.53,Short Stayers
620,Dog,62.76,23.88,Long Stayers
1595,Guinea Pig,69.16,26.98,Long Stayers
1228,Dog,19.92,23.88,Short Stayers
1356,Cat,23.3,18.7,Long Stayers
1987,Guinea Pig,71.99,26.98,Long Stayers
1019,Cat,30.85,18.7,Long Stayers
533,Dog,1.76,23.88,Short Stayers
1837,Hamster,6.43,11.79,Short Stayers
1724,Bird,4.59,27.8,Short Stayers
1640,Fish,9.13,22.53,Short Stayers
497,Dog,4.85,23.88,Short Stayers
1285,Hamster,11.89,11.79,Long Stayers
157,Dog,8.79,23.88,Short Stayers
705,Fish,10,22.53,Short Stayers
421,Parrot,52.07,32.05,Long Stayers
1125,Rabbit,9.26,15.57,Short Stayers
1860,Cat,12.3,18.7,Short Stayers
1068,Hamster,18.85,11.79,Long Stayers
299,Fish,36.36,22.53,Long Stayers
872,Dog,14.79,23.88,Short Stayers
1791,Dog,5.16,23.88,Short Stayers
1532,Hamster,3.59,11.79,Short Stayers
1299,Cat,7.56,18.7,Short Stayers
81,Lizard,1.72,18.82,Short Stayers
801,Snake,18.26,15.7,Long Stayers
1433,Lizard,2.85,18.82,Short Stayers
1823,Dog,20.07,23.88,Short Stayers
1703,Cat,32.49,18.7,Long Stayers
668,Dog,23.89,23.88,Long Stayers
511,Parrot,4.53,32.05,Short Stayers
232,Rabbit,14.99,15.57,Short Stayers
1857,Dog,8.2,23.88,Short Stayers
753,Cat,14.33,18.7,Short Stayers
913,Cat,56.79,18.7,Long Stayers
1939,Turtle,7.39,35.53,Short Stayers
1413,Cat,24.89,18.7,Long Stayers
825,Fish,64.99,22.53,Long Stayers
1435,Lizard,24.07,18.82,Long Stayers
1501,Dog,13.36,23.88,Short Stayers
922,Snake,4.39,15.7,Short Stayers
1866,Dog,30.69,23.88,Long Stayers
1262,Dog,3.89,23.88,Short Stayers
1845,Dog,43.82,23.88,Long Stayers
1638,Bird,72.95,27.8,Long Stayers
969,Dog,30.59,23.88,Long Stayers
666,Bird,6.33,27.8,Short Stayers
1928,Parrot,58.62,32.05,Long Stayers
935,Dog,49.99,23.88,Long Stayers
863,Cat,17.85,18.7,Short Stayers
1586,Dog,45.92,23.88,Long Stayers
177,Dog,8.16,23.88,Short Stayers
168,Guinea Pig,34.99,26.98,Long Stayers
355,Bird,19.76,27.8,Short Stayers
907,Fish,20.72,22.53,Short Stayers
1556,Dog,7.85,23.88,Short Stayers
948,Cat,25.82,18.7,Long Stayers
1179,Cat,7.16,18.7,Short Stayers
1381,Dog,30.49,23.88,Long Stayers
1319,Cat,1.82,18.7,Short Stayers
1264,Turtle,38.62,35.53,Long Stayers
689,Dog,0.23,23.88,Short Stayers
547,Dog,19,23.88,Short Stayers
1505,Guinea Pig,42.99,26.98,Long Stayers
850,Dog,74.53,23.88,Long Stayers
670,Dog,65.69,23.88,Long Stayers
1134,Cat,6.85,18.7,Short Stayers
1856,Dog,72.92,23.88,Long Stayers
1332,Cat,14.82,18.7,Short Stayers
47,Hamster,0.82,11.79,Short Stayers
1450,Dog,21.53,23.88,Short Stayers
1071,Guinea Pig,39.99,26.98,Long Stayers
402,Fish,62.99,22.53,Long Stayers
1201,Lizard,5.66,18.82,Short Stayers
1263,Dog,76.76,23.88,Long Stayers
1283,Cat,2.66,18.7,Short Stayers
912,Cat,8.13,18.7,Short Stayers
1217,Fish,40.43,22.53,Long Stayers
1995,Cat,52.85,18.7,Long Stayers
532,Dog,6.95,23.88,Short Stayers
619,Dog,43.1,23.88,Long Stayers
88,Bird,60.82,27.8,Long Stayers
1060,Hamster,14.72,11.79,Long Stayers
356,Dog,6.82,23.88,Short Stayers
1155,Dog,35.1,23.88,Long Stayers
1232,Guinea Pig,23.76,26.98,Short Stayers
815,Dog,7.36,23.88,Short Stayers
1349,Dog,21.82,23.88,Short Stayers
1460,Cat,2.92,18.7,Short Stayers
176,Dog,31.03,23.88,Long Stayers
1969,Dog,34.82,23.88,Long Stayers
400,Lizard,16.36,18.82,Short Stayers
1828,Cat,38.62,18.7,Long Stayers
1289,Fish,13.72,22.53,Short Stayers
1445,Dog,42.89,23.88,Long Stayers
1544,Fish,42.92,22.53,Long Stayers
1616,Dog,12,23.88,Short Stayers
889,Guinea Pig,12.99,26.98,Short Stayers
1473,Cat,8.69,18.7,Short Stayers
1056,Rabbit,3.76,15.57,Short Stayers
263,Cat,13.07,18.7,Short Stayers
834,Cat,34.3,18.7,Long Stayers
1742,Dog,8.49,23.88,Short Stayers
1236,Dog,0.53,23.88,Short Stayers
840,Lizard,8.07,18.82,Short Stayers
516,Cat,6.49,18.7,Short Stayers
345,Cat,21.85,18.7,Long Stayers
1447,Dog,13.3,23.88,Short Stayers
1390,Cat,6.59,18.7,Short Stayers
1661,Guinea Pig,34.99,26.98,Long Stayers
810,Cat,12.99,18.7,Short Stayers
139,Cat,10.07,18.7,Short Stayers
220,Cat,23.99,18.7,Long Stayers
254,Cat,8,18.7,Short Stayers
252,Cat,63.16,18.7,Long Stayers
508,Dog,1.59,23.88,Short Stayers
1476,Fish,21.99,22.53,Short Stayers
1524,Dog,13.99,23.88,Short Stayers
1945,Cat,2,18.7,Short Stayers
1385,Dog,11.53,23.88,Short Stayers
701,Dog,20.03,23.88,Short Stayers
612,Dog,2.72,23.88,Short Stayers
500,Dog,44.72,23.88,Long Stayers
1293,Guinea Pig,24.99,26.98,Short Stayers
477,Dog,2.85,23.88,Short Stayers
1033,Rabbit,8.03,15.57,Short Stayers
1472,Cat,36.16,18.7,Long Stayers
1037,Guinea Pig,49.43,26.98,Long Stayers
234,Cat,3.89,18.7,Short Stayers
1725,Hamster,1.16,11.79,Short Stayers
467,Cat,0.53,18.7,Short Stayers
20,Dog,11.82,23.88,Short Stayers
1547,Fish,25.36,22.53,Long Stayers
439,Dog,5.16,23.88,Short Stayers
1469,Dog,27.26,23.88,Long Stayers
167,Dog,10.46,23.88,Short Stayers
1803,Hamster,16.99,11.79,Long Stayers
1353,Cat,32.13,18.7,Long Stayers
1416,Cat,2.23,18.7,Short Stayers
729,Dog,58.72,23.88,Long Stayers
17,Dog,55.62,23.88,Long Stayers
236,Cat,18.69,18.7,Short Stayers
451,Dog,28.46,23.88,Long Stayers
102,Fish,58.99,22.53,Long Stayers
87,Dog,11.99,23.88,Short Stayers
787,Cat,16.62,18.7,Short Stayers
1554,Dog,3.43,23.88,Short Stayers
1963,Cat,11.62,18.7,Short Stayers
1305,Hamster,12.56,11.79,Long Stayers
822,Cat,25.3,18.7,Long Stayers
1826,Dog,43.79,23.88,Long Stayers
1582,Dog,7.49,23.88,Short Stayers
1800,Dog,28.89,23.88,Long Stayers
989,Snake,20.62,15.7,Long Stayers
1843,Cat,32.56,18.7,Long Stayers
1788,Fish,19.53,22.53,Short Stayers
605,Bird,16.99,27.8,Short Stayers
844,Dog,37.85,23.88,Long Stayers
1432,Bird,12.85,27.8,Short Stayers
1140,Fish,19.56,22.53,Short Stayers
184,Dog,15.13,23.88,Short Stayers
297,Dog,24.79,23.88,Long Stayers
1633,Bird,2.66,27.8,Short Stayers
82,Hamster,27.79,11.79,Long Stayers
1983,Guinea Pig,79.92,26.98,Long Stayers
1764,Fish,27.99,22.53,Long Stayers
1105,Hamster,8.43,11.79,Short Stayers
1908,Cat,23.82,18.7,Long Stayers
1686,Cat,3.3,18.7,Short Stayers
643,Cat,17.82,18.7,Short Stayers
1896,Dog,13.1,23.88,Short Stayers
776,Cat,21.39,18.7,Long Stayers
1412,Cat,29.2,18.7,Long Stayers
578,Guinea Pig,3.69,26.98,Short Stayers
1753,Dog,38.03,23.88,Long Stayers
