"adoption_id","adoption_date","adoption_event_id","adoption_event_status"
1,"2021-10-27",8,"With Adoption Event"
2,"2021-09-30","","Without Adoption Event"
3,"2021-04-12","","Without Adoption Event"
4,"2023-11-01","","Without Adoption Event"
5,"2020-03-09","","Without Adoption Event"
6,"2022-06-15",11,"With Adoption Event"
7,"2021-02-18","","Without Adoption Event"
8,"2023-08-20","","Without Adoption Event"
9,"2022-11-24","","Without Adoption Event"
10,"2019-05-28","","Without Adoption Event"
11,"2023-02-02",13,"With Adoption Event"
12,"2022-07-08","","Without Adoption Event"
13,"2023-06-11",15,"With Adoption Event"
14,"2023-11-14","","Without Adoption Event"
15,"2023-09-09","","Without Adoption Event"
16,"2022-05-26","","Without Adoption Event"
17,"2019-12-18","","Without Adoption Event"
18,"2023-08-27",15,"With Adoption Event"
19,"2023-08-31","","Without Adoption Event"
20,"2022-04-18",10,"With Adoption Event"
21,"2023-04-27",14,"With Adoption Event"
22,"2021-11-17","","Without Adoption Event"
23,"2023-12-18","","Without Adoption Event"
24,"2021-07-23","","Without Adoption Event"
25,"2023-02-10","","Without Adoption Event"
26,"2022-11-29","","Without Adoption Event"
27,"2022-05-13","","Without Adoption Event"
28,"2022-09-10","","Without Adoption Event"
29,"2022-03-28",10,"With Adoption Event"
30,"2022-07-11","","Without Adoption Event"
31,"2023-09-11","","Without Adoption Event"
32,"2020-02-20",1,"With Adoption Event"
33,"2022-06-01","","Without Adoption Event"
34,"2023-10-28","","Without Adoption Event"
35,"2023-12-31","","Without Adoption Event"
36,"2022-12-09","","Without Adoption Event"
37,"2022-06-12","","Without Adoption Event"
38,"2022-03-26","","Without Adoption Event"
39,"2021-10-20","","Without Adoption Event"
40,"2022-01-20","","Without Adoption Event"
41,"2023-03-26","","Without Adoption Event"
42,"2023-03-05","","Without Adoption Event"
43,"2023-02-25",13,"With Adoption Event"
44,"2021-02-23",5,"With Adoption Event"
45,"2022-12-13",12,"With Adoption Event"
46,"2023-08-22",15,"With Adoption Event"
47,"2022-05-29",10,"With Adoption Event"
48,"2023-06-20","","Without Adoption Event"
49,"2023-10-03","","Without Adoption Event"
50,"2021-01-17","","Without Adoption Event"
51,"2023-05-16","","Without Adoption Event"
52,"2023-05-17","","Without Adoption Event"
53,"2021-05-08","","Without Adoption Event"
54,"2023-12-03",16,"With Adoption Event"
55,"2019-11-26","","Without Adoption Event"
56,"2023-08-05","","Without Adoption Event"
57,"2022-07-17","","Without Adoption Event"
58,"2019-11-02","","Without Adoption Event"
59,"2021-04-11",6,"With Adoption Event"
60,"2023-05-01",14,"With Adoption Event"
61,"2020-08-24","","Without Adoption Event"
62,"2020-09-29","","Without Adoption Event"
63,"2023-07-26",15,"With Adoption Event"
64,"2023-10-25","","Without Adoption Event"
65,"2023-08-23","","Without Adoption Event"
66,"2023-01-02",12,"With Adoption Event"
67,"2023-07-14","","Without Adoption Event"
68,"2023-05-10","","Without Adoption Event"
69,"2023-10-26",16,"With Adoption Event"
70,"2022-03-13","","Without Adoption Event"
71,"2023-10-20","","Without Adoption Event"
72,"2023-02-22","","Without Adoption Event"
73,"2022-09-24","","Without Adoption Event"
74,"2020-01-21","","Without Adoption Event"
75,"2021-01-11","","Without Adoption Event"
76,"2023-04-11","","Without Adoption Event"
77,"2023-09-24","","Without Adoption Event"
78,"2023-03-07",14,"With Adoption Event"
79,"2022-06-25","","Without Adoption Event"
80,"2022-04-04","","Without Adoption Event"
81,"2020-12-13","","Without Adoption Event"
82,"2022-01-31","","Without Adoption Event"
83,"2021-10-02","","Without Adoption Event"
84,"2023-08-16","","Without Adoption Event"
85,"2021-04-30",6,"With Adoption Event"
86,"2023-04-17",14,"With Adoption Event"
87,"2023-08-09",15,"With Adoption Event"
88,"2022-11-23","","Without Adoption Event"
89,"2022-06-01","","Without Adoption Event"
90,"2023-11-04",16,"With Adoption Event"
91,"2022-01-05",9,"With Adoption Event"
92,"2020-11-21",4,"With Adoption Event"
93,"2023-12-07","","Without Adoption Event"
94,"2023-06-09",15,"With Adoption Event"
95,"2022-05-26",10,"With Adoption Event"
96,"2022-05-11",10,"With Adoption Event"
97,"2023-12-03","","Without Adoption Event"
98,"2022-08-01","","Without Adoption Event"
99,"2023-12-02",16,"With Adoption Event"
100,"2023-01-07","","Without Adoption Event"
101,"2020-12-17","","Without Adoption Event"
102,"2021-02-10","","Without Adoption Event"
103,"2023-09-29","","Without Adoption Event"
104,"2023-02-02",13,"With Adoption Event"
105,"2023-05-10","","Without Adoption Event"
106,"2019-12-30","","Without Adoption Event"
107,"2021-11-08",8,"With Adoption Event"
108,"2020-07-06","","Without Adoption Event"
109,"2023-12-27","","Without Adoption Event"
110,"2019-11-03","","Without Adoption Event"
111,"2023-08-11","","Without Adoption Event"
112,"2023-04-21",14,"With Adoption Event"
113,"2023-05-20",14,"With Adoption Event"
114,"2023-03-01","","Without Adoption Event"
115,"2023-11-08",16,"With Adoption Event"
116,"2023-06-03",14,"With Adoption Event"
117,"2023-05-01","","Without Adoption Event"
118,"2023-11-03",16,"With Adoption Event"
119,"2023-02-22",13,"With Adoption Event"
120,"2020-02-24","","Without Adoption Event"
121,"2022-06-20","","Without Adoption Event"
122,"2022-10-20","","Without Adoption Event"
123,"2020-11-26",4,"With Adoption Event"
124,"2021-06-26","","Without Adoption Event"
125,"2022-12-28","","Without Adoption Event"
126,"2022-11-24","","Without Adoption Event"
127,"2022-10-15","","Without Adoption Event"
128,"2022-04-10","","Without Adoption Event"
129,"2021-04-14",6,"With Adoption Event"
130,"2018-11-09","","Without Adoption Event"
131,"2023-05-24","","Without Adoption Event"
132,"2023-08-16",15,"With Adoption Event"
133,"2021-08-30",7,"With Adoption Event"
134,"2019-05-17","","Without Adoption Event"
135,"2021-12-27",8,"With Adoption Event"
136,"2023-09-07","","Without Adoption Event"
137,"2022-09-08",12,"With Adoption Event"
138,"2023-12-17","","Without Adoption Event"
139,"2023-07-23","","Without Adoption Event"
140,"2022-10-05","","Without Adoption Event"
141,"2021-12-29","","Without Adoption Event"
142,"2021-06-05","","Without Adoption Event"
143,"2023-09-10","","Without Adoption Event"
144,"2023-02-27","","Without Adoption Event"
145,"2023-09-14","","Without Adoption Event"
146,"2022-09-05","","Without Adoption Event"
147,"2021-02-25","","Without Adoption Event"
148,"2023-09-16","","Without Adoption Event"
149,"2023-11-07",16,"With Adoption Event"
150,"2023-03-26","","Without Adoption Event"
151,"2023-08-11","","Without Adoption Event"
152,"2023-10-11",16,"With Adoption Event"
153,"2022-01-02",8,"With Adoption Event"
154,"2021-08-21","","Without Adoption Event"
155,"2023-05-18","","Without Adoption Event"
156,"2022-11-02","","Without Adoption Event"
157,"2019-05-10","","Without Adoption Event"
158,"2022-12-09","","Without Adoption Event"
159,"2022-07-13","","Without Adoption Event"
160,"2020-12-23",4,"With Adoption Event"
161,"2022-10-11","","Without Adoption Event"
162,"2022-12-12","","Without Adoption Event"
163,"2020-07-21","","Without Adoption Event"
164,"2021-01-16","","Without Adoption Event"
165,"2023-06-23","","Without Adoption Event"
166,"2023-10-08","","Without Adoption Event"
167,"2021-09-01",7,"With Adoption Event"
168,"2022-12-04","","Without Adoption Event"
169,"2022-03-21",10,"With Adoption Event"
170,"2022-10-09","","Without Adoption Event"
171,"2020-05-22","","Without Adoption Event"
172,"2021-11-28",8,"With Adoption Event"
173,"2023-10-23","","Without Adoption Event"
174,"2020-08-18","","Without Adoption Event"
175,"2019-11-20","","Without Adoption Event"
176,"2022-10-02",12,"With Adoption Event"
177,"2023-04-10",14,"With Adoption Event"
178,"2021-11-08",8,"With Adoption Event"
179,"2022-06-06",11,"With Adoption Event"
180,"2021-11-17",8,"With Adoption Event"
181,"2023-09-28","","Without Adoption Event"
182,"2023-10-27","","Without Adoption Event"
183,"2023-09-26","","Without Adoption Event"
184,"2023-07-06","","Without Adoption Event"
185,"2023-12-13","","Without Adoption Event"
186,"2022-07-11","","Without Adoption Event"
187,"2020-09-20","","Without Adoption Event"
188,"2022-07-21","","Without Adoption Event"
189,"2021-05-26","","Without Adoption Event"
190,"2023-11-14","","Without Adoption Event"
191,"2021-10-19","","Without Adoption Event"
192,"2023-12-29","","Without Adoption Event"
193,"2018-12-18","","Without Adoption Event"
194,"2022-09-24","","Without Adoption Event"
195,"2023-09-25","","Without Adoption Event"
196,"2023-05-16",14,"With Adoption Event"
197,"2023-11-06","","Without Adoption Event"
198,"2023-10-31","","Without Adoption Event"
199,"2022-09-20","","Without Adoption Event"
200,"2021-09-19","","Without Adoption Event"
201,"2023-03-11",14,"With Adoption Event"
202,"2023-08-01",15,"With Adoption Event"
203,"2021-07-06",7,"With Adoption Event"
204,"2022-01-26",9,"With Adoption Event"
205,"2022-11-27",12,"With Adoption Event"
206,"2023-10-03","","Without Adoption Event"
207,"2023-09-29","","Without Adoption Event"
208,"2021-11-23","","Without Adoption Event"
209,"2023-10-29","","Without Adoption Event"
210,"2023-03-09","","Without Adoption Event"
211,"2020-04-17","","Without Adoption Event"
212,"2019-12-15","","Without Adoption Event"
213,"2023-12-27",16,"With Adoption Event"
214,"2022-05-21","","Without Adoption Event"
215,"2023-05-10","","Without Adoption Event"
216,"2023-08-02",15,"With Adoption Event"
217,"2020-10-29","","Without Adoption Event"
218,"2022-08-14","","Without Adoption Event"
219,"2023-05-30","","Without Adoption Event"
220,"2022-08-23","","Without Adoption Event"
221,"2023-01-28","","Without Adoption Event"
222,"2022-08-04","","Without Adoption Event"
223,"2021-04-27",6,"With Adoption Event"
224,"2022-07-09",11,"With Adoption Event"
225,"2023-04-30","","Without Adoption Event"
226,"2023-12-05","","Without Adoption Event"
227,"2023-05-05","","Without Adoption Event"
228,"2022-05-04","","Without Adoption Event"
229,"2022-03-18",10,"With Adoption Event"
230,"2023-02-08","","Without Adoption Event"
231,"2023-11-19","","Without Adoption Event"
232,"2022-02-03","","Without Adoption Event"
233,"2023-09-26",16,"With Adoption Event"
234,"2022-05-19","","Without Adoption Event"
235,"2023-05-09",14,"With Adoption Event"
236,"2021-07-14",7,"With Adoption Event"
237,"2021-12-21",8,"With Adoption Event"
238,"2022-11-22","","Without Adoption Event"
239,"2018-02-28","","Without Adoption Event"
240,"2023-01-22",13,"With Adoption Event"
241,"2019-09-29","","Without Adoption Event"
242,"2022-10-29","","Without Adoption Event"
243,"2021-01-20","","Without Adoption Event"
244,"2023-06-17","","Without Adoption Event"
245,"2019-12-03","","Without Adoption Event"
246,"2020-07-09","","Without Adoption Event"
247,"2022-01-17","","Without Adoption Event"
248,"2023-04-28","","Without Adoption Event"
249,"2023-04-12","","Without Adoption Event"
250,"2022-11-26",12,"With Adoption Event"
251,"2022-09-20",12,"With Adoption Event"
252,"2022-01-18",9,"With Adoption Event"
253,"2021-04-23","","Without Adoption Event"
254,"2023-04-11",14,"With Adoption Event"
255,"2022-06-21","","Without Adoption Event"
256,"2017-12-25","","Without Adoption Event"
257,"2023-09-20","","Without Adoption Event"
258,"2022-11-15","","Without Adoption Event"
259,"2019-01-17","","Without Adoption Event"
260,"2022-12-30",12,"With Adoption Event"
261,"2023-08-14","","Without Adoption Event"
262,"2023-07-12","","Without Adoption Event"
263,"2023-12-31","","Without Adoption Event"
264,"2022-11-18","","Without Adoption Event"
265,"2022-02-27",9,"With Adoption Event"
266,"2020-05-14","","Without Adoption Event"
267,"2023-04-07","","Without Adoption Event"
268,"2022-04-11",10,"With Adoption Event"
269,"2022-07-11",11,"With Adoption Event"
270,"2020-05-26",2,"With Adoption Event"
271,"2022-01-27","","Without Adoption Event"
272,"2022-06-22","","Without Adoption Event"
273,"2021-11-20",8,"With Adoption Event"
274,"2021-04-19","","Without Adoption Event"
275,"2021-11-29",8,"With Adoption Event"
276,"2022-03-18","","Without Adoption Event"
277,"2022-01-16",9,"With Adoption Event"
278,"2018-10-14","","Without Adoption Event"
279,"2020-09-14","","Without Adoption Event"
280,"2019-12-12","","Without Adoption Event"
281,"2022-08-09",11,"With Adoption Event"
282,"2023-01-28","","Without Adoption Event"
283,"2023-12-26","","Without Adoption Event"
284,"2023-12-27","","Without Adoption Event"
285,"2021-03-26",6,"With Adoption Event"
286,"2023-09-18","","Without Adoption Event"
287,"2023-09-13","","Without Adoption Event"
288,"2023-12-12","","Without Adoption Event"
289,"2023-05-13",14,"With Adoption Event"
290,"2023-02-05",13,"With Adoption Event"
291,"2022-06-20","","Without Adoption Event"
292,"2023-12-30",16,"With Adoption Event"
293,"2023-01-23","","Without Adoption Event"
294,"2019-11-05","","Without Adoption Event"
295,"2023-07-08",15,"With Adoption Event"
296,"2021-08-27","","Without Adoption Event"
297,"2023-12-05","","Without Adoption Event"
298,"2022-12-16",12,"With Adoption Event"
299,"2022-05-28","","Without Adoption Event"
300,"2023-10-23","","Without Adoption Event"
301,"2021-11-20",8,"With Adoption Event"
302,"2023-11-10",16,"With Adoption Event"
303,"2023-10-11","","Without Adoption Event"
304,"2023-05-27","","Without Adoption Event"
305,"2021-08-28","","Without Adoption Event"
306,"2021-11-20","","Without Adoption Event"
307,"2023-09-13","","Without Adoption Event"
308,"2023-12-03","","Without Adoption Event"
309,"2020-04-09","","Without Adoption Event"
310,"2022-10-08","","Without Adoption Event"
311,"2023-07-04",15,"With Adoption Event"
312,"2023-05-10",14,"With Adoption Event"
313,"2023-12-16","","Without Adoption Event"
314,"2023-02-10","","Without Adoption Event"
315,"2021-02-22","","Without Adoption Event"
316,"2022-02-07",9,"With Adoption Event"
317,"2023-01-26",13,"With Adoption Event"
318,"2023-10-03","","Without Adoption Event"
319,"2022-02-19",9,"With Adoption Event"
320,"2022-02-07","","Without Adoption Event"
321,"2019-12-28","","Without Adoption Event"
322,"2023-09-09","","Without Adoption Event"
323,"2021-03-31",6,"With Adoption Event"
324,"2023-10-28",16,"With Adoption Event"
325,"2022-06-10","","Without Adoption Event"
326,"2021-04-19",6,"With Adoption Event"
327,"2020-04-11","","Without Adoption Event"
328,"2020-11-14",4,"With Adoption Event"
329,"2021-10-25",8,"With Adoption Event"
330,"2021-10-27","","Without Adoption Event"
331,"2022-11-14",12,"With Adoption Event"
332,"2023-06-16","","Without Adoption Event"
333,"2022-04-27","","Without Adoption Event"
334,"2020-08-06","","Without Adoption Event"
335,"2018-11-01","","Without Adoption Event"
336,"2023-08-07","","Without Adoption Event"
337,"2023-01-06","","Without Adoption Event"
338,"2022-09-03",11,"With Adoption Event"
339,"2023-03-20",14,"With Adoption Event"
340,"2023-03-21","","Without Adoption Event"
341,"2023-07-22","","Without Adoption Event"
342,"2023-08-09","","Without Adoption Event"
343,"2022-07-21","","Without Adoption Event"
344,"2021-12-23",8,"With Adoption Event"
345,"2021-01-25","","Without Adoption Event"
346,"2021-10-03","","Without Adoption Event"
347,"2023-07-16","","Without Adoption Event"
348,"2023-02-25",13,"With Adoption Event"
349,"2023-10-07","","Without Adoption Event"
350,"2020-11-21","","Without Adoption Event"
351,"2023-05-13",14,"With Adoption Event"
352,"2023-01-15","","Without Adoption Event"
353,"2019-10-24","","Without Adoption Event"
354,"2023-11-20",16,"With Adoption Event"
355,"2023-10-27","","Without Adoption Event"
356,"2023-11-11","","Without Adoption Event"
357,"2022-05-16","","Without Adoption Event"
358,"2023-07-11",15,"With Adoption Event"
359,"2023-12-31",16,"With Adoption Event"
360,"2022-11-03","","Without Adoption Event"
361,"2023-10-10","","Without Adoption Event"
362,"2022-04-26",10,"With Adoption Event"
363,"2021-05-23",6,"With Adoption Event"
364,"2021-01-11",5,"With Adoption Event"
365,"2023-06-18","","Without Adoption Event"
366,"2022-08-10",11,"With Adoption Event"
367,"2023-12-27","","Without Adoption Event"
368,"2023-07-27","","Without Adoption Event"
369,"2022-02-23","","Without Adoption Event"
370,"2022-06-29","","Without Adoption Event"
371,"2019-07-18","","Without Adoption Event"
372,"2023-12-02","","Without Adoption Event"
373,"2023-11-14","","Without Adoption Event"
374,"2021-08-27","","Without Adoption Event"
375,"2020-02-06",1,"With Adoption Event"
376,"2021-05-04","","Without Adoption Event"
377,"2021-12-22",8,"With Adoption Event"
378,"2022-07-18","","Without Adoption Event"
379,"2022-09-10","","Without Adoption Event"
380,"2022-12-21","","Without Adoption Event"
381,"2022-08-28","","Without Adoption Event"
382,"2021-10-24","","Without Adoption Event"
383,"2020-08-23","","Without Adoption Event"
384,"2023-03-22",14,"With Adoption Event"
385,"2022-09-11","","Without Adoption Event"
386,"2023-01-20","","Without Adoption Event"
387,"2023-11-23",16,"With Adoption Event"
388,"2020-12-26",4,"With Adoption Event"
389,"2023-06-18",15,"With Adoption Event"
390,"2022-02-12","","Without Adoption Event"
391,"2023-12-21","","Without Adoption Event"
392,"2022-10-09",12,"With Adoption Event"
393,"2022-05-29","","Without Adoption Event"
394,"2023-11-23","","Without Adoption Event"
395,"2023-02-26","","Without Adoption Event"
396,"2023-09-10",16,"With Adoption Event"
397,"2019-09-09","","Without Adoption Event"
398,"2023-10-09",16,"With Adoption Event"
399,"2023-12-02","","Without Adoption Event"
400,"2023-04-14","","Without Adoption Event"
401,"2022-10-05","","Without Adoption Event"
402,"2023-12-27","","Without Adoption Event"
403,"2022-10-27","","Without Adoption Event"
404,"2023-12-12","","Without Adoption Event"
405,"2022-10-28","","Without Adoption Event"
406,"2020-01-22","","Without Adoption Event"
407,"2019-06-02","","Without Adoption Event"
408,"2022-06-02","","Without Adoption Event"
409,"2023-12-19",16,"With Adoption Event"
410,"2019-05-29","","Without Adoption Event"
411,"2023-09-29",16,"With Adoption Event"
412,"2023-10-01","","Without Adoption Event"
413,"2023-12-27","","Without Adoption Event"
414,"2022-12-05","","Without Adoption Event"
415,"2023-11-12","","Without Adoption Event"
416,"2023-08-30","","Without Adoption Event"
417,"2018-02-24","","Without Adoption Event"
418,"2022-06-03",10,"With Adoption Event"
419,"2021-12-21","","Without Adoption Event"
420,"2023-02-18","","Without Adoption Event"
421,"2021-06-30",7,"With Adoption Event"
422,"2023-07-07",15,"With Adoption Event"
423,"2022-06-26","","Without Adoption Event"
424,"2023-12-07","","Without Adoption Event"
425,"2022-12-09",12,"With Adoption Event"
426,"2020-02-23","","Without Adoption Event"
427,"2023-10-15",16,"With Adoption Event"
428,"2022-06-03",10,"With Adoption Event"
429,"2023-06-16","","Without Adoption Event"
430,"2023-08-09","","Without Adoption Event"
431,"2023-08-17","","Without Adoption Event"
432,"2023-01-21","","Without Adoption Event"
433,"2023-05-23",14,"With Adoption Event"
434,"2023-10-27","","Without Adoption Event"
435,"2023-10-13",16,"With Adoption Event"
436,"2023-11-10","","Without Adoption Event"
437,"2021-07-07","","Without Adoption Event"
438,"2022-04-20",10,"With Adoption Event"
439,"2023-02-05","","Without Adoption Event"
440,"2021-09-25",8,"With Adoption Event"
441,"2023-08-25","","Without Adoption Event"
442,"2023-09-06","","Without Adoption Event"
443,"2022-06-26","","Without Adoption Event"
444,"2022-08-14","","Without Adoption Event"
445,"2022-07-23",11,"With Adoption Event"
446,"2022-11-12","","Without Adoption Event"
447,"2022-06-08","","Without Adoption Event"
448,"2023-02-21",13,"With Adoption Event"
449,"2023-08-17","","Without Adoption Event"
450,"2021-07-16","","Without Adoption Event"
451,"2023-04-28","","Without Adoption Event"
452,"2023-08-29",15,"With Adoption Event"
453,"2020-10-10","","Without Adoption Event"
454,"2023-03-28","","Without Adoption Event"
455,"2022-03-09",10,"With Adoption Event"
456,"2021-01-06",5,"With Adoption Event"
457,"2020-10-02","","Without Adoption Event"
458,"2022-05-05",10,"With Adoption Event"
459,"2022-02-02",9,"With Adoption Event"
460,"2020-04-26",2,"With Adoption Event"
461,"2023-04-11",14,"With Adoption Event"
462,"2020-12-21",4,"With Adoption Event"
463,"2020-09-08",4,"With Adoption Event"
464,"2023-10-30","","Without Adoption Event"
465,"2021-08-05","","Without Adoption Event"
466,"2020-11-22",4,"With Adoption Event"
467,"2021-11-18","","Without Adoption Event"
468,"2021-05-27","","Without Adoption Event"
469,"2022-09-01","","Without Adoption Event"
470,"2022-06-30","","Without Adoption Event"
471,"2023-06-20","","Without Adoption Event"
472,"2023-03-29",14,"With Adoption Event"
473,"2023-04-21","","Without Adoption Event"
474,"2023-06-19",15,"With Adoption Event"
475,"2023-08-15","","Without Adoption Event"
476,"2022-04-07",10,"With Adoption Event"
477,"2021-11-29",8,"With Adoption Event"
478,"2020-07-21","","Without Adoption Event"
479,"2022-02-03","","Without Adoption Event"
480,"2023-09-15",16,"With Adoption Event"
481,"2021-03-04",6,"With Adoption Event"
482,"2019-09-11","","Without Adoption Event"
483,"2020-04-03","","Without Adoption Event"
484,"2023-03-08","","Without Adoption Event"
485,"2022-10-27",12,"With Adoption Event"
486,"2022-03-03","","Without Adoption Event"
487,"2022-07-15",11,"With Adoption Event"
488,"2023-12-17","","Without Adoption Event"
489,"2022-11-27","","Without Adoption Event"
490,"2021-11-29","","Without Adoption Event"
491,"2021-11-07",8,"With Adoption Event"
492,"2022-06-14",11,"With Adoption Event"
493,"2023-07-07",15,"With Adoption Event"
494,"2023-11-30","","Without Adoption Event"
495,"2023-08-13",15,"With Adoption Event"
496,"2021-11-22",8,"With Adoption Event"
497,"2022-03-11","","Without Adoption Event"
498,"2019-10-19","","Without Adoption Event"
499,"2023-05-07",14,"With Adoption Event"
500,"2023-09-25",16,"With Adoption Event"
501,"2023-02-19","","Without Adoption Event"
502,"2023-05-31","","Without Adoption Event"
503,"2020-10-22","","Without Adoption Event"
504,"2021-07-31","","Without Adoption Event"
505,"2023-09-05","","Without Adoption Event"
506,"2022-11-05","","Without Adoption Event"
507,"2022-10-21","","Without Adoption Event"
508,"2019-03-29","","Without Adoption Event"
509,"2022-09-24","","Without Adoption Event"
510,"2021-11-18",8,"With Adoption Event"
511,"2023-02-16","","Without Adoption Event"
512,"2019-12-27","","Without Adoption Event"
513,"2021-12-26",8,"With Adoption Event"
514,"2022-10-26",12,"With Adoption Event"
515,"2023-01-28",13,"With Adoption Event"
516,"2020-04-15",2,"With Adoption Event"
517,"2023-10-02",16,"With Adoption Event"
518,"2022-06-20","","Without Adoption Event"
519,"2019-10-22","","Without Adoption Event"
520,"2023-08-28","","Without Adoption Event"
521,"2023-12-26",16,"With Adoption Event"
522,"2022-12-29",12,"With Adoption Event"
523,"2023-02-02","","Without Adoption Event"
524,"2023-07-10","","Without Adoption Event"
525,"2022-04-01","","Without Adoption Event"
526,"2023-09-12","","Without Adoption Event"
527,"2022-10-24","","Without Adoption Event"
528,"2020-12-23","","Without Adoption Event"
529,"2023-12-04",16,"With Adoption Event"
530,"2020-04-21","","Without Adoption Event"
531,"2023-10-19","","Without Adoption Event"
532,"2023-12-29","","Without Adoption Event"
533,"2023-03-11","","Without Adoption Event"
534,"2023-11-24",16,"With Adoption Event"
535,"2023-12-17","","Without Adoption Event"
536,"2023-06-24","","Without Adoption Event"
537,"2021-08-17","","Without Adoption Event"
538,"2021-11-04","","Without Adoption Event"
539,"2021-11-18",8,"With Adoption Event"
540,"2021-02-26","","Without Adoption Event"
541,"2020-11-29",4,"With Adoption Event"
542,"2020-01-04",1,"With Adoption Event"
543,"2021-07-17","","Without Adoption Event"
544,"2019-10-12","","Without Adoption Event"
545,"2021-07-05","","Without Adoption Event"
546,"2023-01-11","","Without Adoption Event"
547,"2020-10-24",4,"With Adoption Event"
548,"2023-04-02",14,"With Adoption Event"
549,"2022-09-07","","Without Adoption Event"
550,"2023-01-02",12,"With Adoption Event"
551,"2022-12-29","","Without Adoption Event"
552,"2022-06-30",11,"With Adoption Event"
553,"2022-07-18","","Without Adoption Event"
554,"2023-10-05",16,"With Adoption Event"
555,"2023-12-26",16,"With Adoption Event"
556,"2022-05-23","","Without Adoption Event"
557,"2022-09-15","","Without Adoption Event"
558,"2023-11-22",16,"With Adoption Event"
559,"2023-10-18","","Without Adoption Event"
560,"2022-09-23",12,"With Adoption Event"
561,"2023-08-04","","Without Adoption Event"
562,"2022-04-07","","Without Adoption Event"
563,"2023-07-13","","Without Adoption Event"
564,"2022-09-26",12,"With Adoption Event"
565,"2023-05-01",14,"With Adoption Event"
566,"2023-11-29","","Without Adoption Event"
567,"2022-11-30","","Without Adoption Event"
568,"2022-05-28",10,"With Adoption Event"
569,"2023-07-16",15,"With Adoption Event"
570,"2022-02-05","","Without Adoption Event"
571,"2020-05-25",2,"With Adoption Event"
572,"2022-10-06","","Without Adoption Event"
573,"2019-02-12","","Without Adoption Event"
574,"2023-12-28","","Without Adoption Event"
575,"2023-11-06","","Without Adoption Event"
576,"2021-11-20",8,"With Adoption Event"
577,"2022-11-21","","Without Adoption Event"
578,"2023-09-05",16,"With Adoption Event"
579,"2019-06-28","","Without Adoption Event"
580,"2023-03-26","","Without Adoption Event"
581,"2021-03-14",6,"With Adoption Event"
582,"2023-06-13",15,"With Adoption Event"
583,"2020-12-30",4,"With Adoption Event"
584,"2017-10-26","","Without Adoption Event"
585,"2023-03-22","","Without Adoption Event"
586,"2022-07-16","","Without Adoption Event"
587,"2020-04-01","","Without Adoption Event"
588,"2022-04-18","","Without Adoption Event"
589,"2022-02-11",9,"With Adoption Event"
590,"2022-10-09",12,"With Adoption Event"
591,"2019-09-21","","Without Adoption Event"
592,"2023-11-18",16,"With Adoption Event"
593,"2023-12-25","","Without Adoption Event"
594,"2022-07-23","","Without Adoption Event"
595,"2022-04-12",10,"With Adoption Event"
596,"2023-11-19",16,"With Adoption Event"
597,"2020-02-21",1,"With Adoption Event"
598,"2023-01-01",12,"With Adoption Event"
599,"2023-12-22","","Without Adoption Event"
600,"2022-10-25","","Without Adoption Event"
601,"2020-07-26",3,"With Adoption Event"
602,"2021-02-10","","Without Adoption Event"
603,"2023-06-11",15,"With Adoption Event"
604,"2023-02-24",13,"With Adoption Event"
605,"2023-04-18","","Without Adoption Event"
606,"2023-08-31","","Without Adoption Event"
607,"2023-07-21","","Without Adoption Event"
608,"2020-08-27","","Without Adoption Event"
609,"2023-11-21","","Without Adoption Event"
610,"2023-11-15","","Without Adoption Event"
611,"2023-02-16","","Without Adoption Event"
612,"2020-05-28","","Without Adoption Event"
613,"2023-11-10","","Without Adoption Event"
614,"2023-11-05",16,"With Adoption Event"
615,"2022-10-12",12,"With Adoption Event"
616,"2023-09-20","","Without Adoption Event"
617,"2022-08-22","","Without Adoption Event"
618,"2023-03-24","","Without Adoption Event"
619,"2022-04-09","","Without Adoption Event"
620,"2023-10-28","","Without Adoption Event"
621,"2021-01-10",5,"With Adoption Event"
622,"2021-10-01","","Without Adoption Event"
623,"2023-03-15","","Without Adoption Event"
624,"2022-07-18","","Without Adoption Event"
625,"2023-11-25","","Without Adoption Event"
626,"2023-12-22","","Without Adoption Event"
627,"2022-12-10","","Without Adoption Event"
628,"2023-11-06","","Without Adoption Event"
629,"2022-09-16","","Without Adoption Event"
630,"2022-02-16","","Without Adoption Event"
631,"2021-05-06",6,"With Adoption Event"
632,"2021-10-16","","Without Adoption Event"
633,"2020-12-19","","Without Adoption Event"
634,"2022-06-15","","Without Adoption Event"
635,"2023-05-16","","Without Adoption Event"
636,"2021-05-18","","Without Adoption Event"
637,"2021-05-20","","Without Adoption Event"
638,"2022-04-30",10,"With Adoption Event"
639,"2020-11-24","","Without Adoption Event"
640,"2023-08-15","","Without Adoption Event"
641,"2021-08-14","","Without Adoption Event"
642,"2023-03-20",14,"With Adoption Event"
643,"2023-12-13",16,"With Adoption Event"
644,"2022-08-12",11,"With Adoption Event"
645,"2018-12-04","","Without Adoption Event"
646,"2022-07-25",11,"With Adoption Event"
647,"2023-08-13","","Without Adoption Event"
648,"2020-12-09",4,"With Adoption Event"
649,"2020-05-20","","Without Adoption Event"
650,"2023-02-22",13,"With Adoption Event"
651,"2020-11-03","","Without Adoption Event"
652,"2023-08-24","","Without Adoption Event"
653,"2022-01-05",9,"With Adoption Event"
654,"2021-11-22",8,"With Adoption Event"
655,"2018-06-23","","Without Adoption Event"
656,"2022-10-20","","Without Adoption Event"
657,"2023-11-10",16,"With Adoption Event"
658,"2021-07-03",7,"With Adoption Event"
659,"2019-11-11","","Without Adoption Event"
660,"2022-02-18",9,"With Adoption Event"
661,"2023-12-13",16,"With Adoption Event"
662,"2023-06-15","","Without Adoption Event"
663,"2023-01-05",13,"With Adoption Event"
664,"2020-11-03","","Without Adoption Event"
665,"2022-04-02","","Without Adoption Event"
666,"2019-04-23","","Without Adoption Event"
667,"2023-02-23","","Without Adoption Event"
668,"2023-11-05","","Without Adoption Event"
669,"2023-12-04","","Without Adoption Event"
670,"2023-05-13","","Without Adoption Event"
671,"2023-06-21","","Without Adoption Event"
672,"2019-09-23","","Without Adoption Event"
673,"2023-12-07",16,"With Adoption Event"
674,"2018-01-09","","Without Adoption Event"
675,"2021-01-15",5,"With Adoption Event"
676,"2023-12-19","","Without Adoption Event"
677,"2019-02-16","","Without Adoption Event"
678,"2022-09-24","","Without Adoption Event"
679,"2023-01-25","","Without Adoption Event"
680,"2023-12-23","","Without Adoption Event"
681,"2020-12-26",4,"With Adoption Event"
682,"2021-09-01","","Without Adoption Event"
683,"2021-07-14","","Without Adoption Event"
684,"2019-08-31","","Without Adoption Event"
685,"2022-06-30","","Without Adoption Event"
686,"2022-02-23","","Without Adoption Event"
687,"2021-05-26","","Without Adoption Event"
688,"2023-07-14",15,"With Adoption Event"
689,"2023-06-12","","Without Adoption Event"
690,"2023-02-13","","Without Adoption Event"
691,"2023-03-26","","Without Adoption Event"
692,"2023-08-27","","Without Adoption Event"
693,"2021-06-25",7,"With Adoption Event"
694,"2021-04-20","","Without Adoption Event"
695,"2023-07-01",15,"With Adoption Event"
696,"2023-10-13",16,"With Adoption Event"
697,"2018-03-26","","Without Adoption Event"
698,"2021-03-30","","Without Adoption Event"
699,"2023-10-26","","Without Adoption Event"
700,"2023-07-25","","Without Adoption Event"
701,"2022-07-11",11,"With Adoption Event"
702,"2022-10-07",12,"With Adoption Event"
703,"2023-06-04","","Without Adoption Event"
704,"2021-05-07","","Without Adoption Event"
705,"2023-03-04","","Without Adoption Event"
706,"2022-05-27",10,"With Adoption Event"
707,"2023-02-22",13,"With Adoption Event"
708,"2020-10-31","","Without Adoption Event"
709,"2022-03-14","","Without Adoption Event"
710,"2021-10-18",8,"With Adoption Event"
711,"2021-07-30","","Without Adoption Event"
712,"2022-09-24","","Without Adoption Event"
713,"2022-12-05","","Without Adoption Event"
714,"2022-06-04",10,"With Adoption Event"
715,"2022-12-21","","Without Adoption Event"
716,"2023-12-25",16,"With Adoption Event"
717,"2022-07-26",11,"With Adoption Event"
718,"2020-05-03","","Without Adoption Event"
719,"2022-06-08",11,"With Adoption Event"
720,"2021-12-08","","Without Adoption Event"
721,"2023-11-08",16,"With Adoption Event"
722,"2023-08-01","","Without Adoption Event"
723,"2019-01-25","","Without Adoption Event"
724,"2023-08-12","","Without Adoption Event"
725,"2022-08-25","","Without Adoption Event"
726,"2022-09-28","","Without Adoption Event"
727,"2019-01-04","","Without Adoption Event"
728,"2021-10-25",8,"With Adoption Event"
729,"2023-07-19","","Without Adoption Event"
730,"2022-07-28","","Without Adoption Event"
731,"2020-03-21","","Without Adoption Event"
732,"2022-07-03",11,"With Adoption Event"
733,"2022-10-27",12,"With Adoption Event"
734,"2022-09-04","","Without Adoption Event"
735,"2023-01-11","","Without Adoption Event"
736,"2023-10-17","","Without Adoption Event"
737,"2022-01-07","","Without Adoption Event"
738,"2023-07-17",15,"With Adoption Event"
739,"2018-10-31","","Without Adoption Event"
740,"2023-12-17","","Without Adoption Event"
741,"2018-11-09","","Without Adoption Event"
742,"2019-04-22","","Without Adoption Event"
743,"2022-06-03","","Without Adoption Event"
744,"2023-10-31",16,"With Adoption Event"
745,"2023-09-24","","Without Adoption Event"
746,"2023-03-10",14,"With Adoption Event"
747,"2022-11-02","","Without Adoption Event"
748,"2021-05-15","","Without Adoption Event"
749,"2023-04-26","","Without Adoption Event"
750,"2022-05-23","","Without Adoption Event"
751,"2023-09-08","","Without Adoption Event"
752,"2023-05-13",14,"With Adoption Event"
753,"2023-01-03",12,"With Adoption Event"
754,"2018-12-19","","Without Adoption Event"
755,"2022-04-30","","Without Adoption Event"
756,"2022-03-21","","Without Adoption Event"
757,"2022-03-07","","Without Adoption Event"
758,"2022-10-08","","Without Adoption Event"
759,"2023-06-29",15,"With Adoption Event"
760,"2021-12-30",8,"With Adoption Event"
761,"2023-01-13","","Without Adoption Event"
762,"2018-10-24","","Without Adoption Event"
763,"2023-04-03",14,"With Adoption Event"
764,"2023-07-19","","Without Adoption Event"
765,"2019-11-06","","Without Adoption Event"
766,"2023-03-25",14,"With Adoption Event"
767,"2019-11-14","","Without Adoption Event"
768,"2023-01-29","","Without Adoption Event"
769,"2023-07-19","","Without Adoption Event"
770,"2023-02-25","","Without Adoption Event"
771,"2023-10-06","","Without Adoption Event"
772,"2022-02-01",9,"With Adoption Event"
773,"2023-04-08","","Without Adoption Event"
774,"2022-08-30","","Without Adoption Event"
775,"2023-03-09",14,"With Adoption Event"
776,"2021-03-25","","Without Adoption Event"
777,"2020-04-18",2,"With Adoption Event"
778,"2023-06-11","","Without Adoption Event"
779,"2023-10-03",16,"With Adoption Event"
780,"2020-04-22","","Without Adoption Event"
781,"2023-02-20","","Without Adoption Event"
782,"2023-03-02","","Without Adoption Event"
783,"2018-11-02","","Without Adoption Event"
784,"2020-12-27",4,"With Adoption Event"
785,"2022-05-13","","Without Adoption Event"
786,"2022-04-09","","Without Adoption Event"
787,"2018-10-07","","Without Adoption Event"
788,"2018-08-07","","Without Adoption Event"
789,"2020-01-11","","Without Adoption Event"
790,"2019-03-27","","Without Adoption Event"
791,"2023-10-29","","Without Adoption Event"
792,"2023-05-10","","Without Adoption Event"
793,"2023-03-20",14,"With Adoption Event"
794,"2022-08-18",11,"With Adoption Event"
795,"2023-07-27",15,"With Adoption Event"
796,"2023-12-26","","Without Adoption Event"
797,"2023-10-18","","Without Adoption Event"
798,"2023-05-05",14,"With Adoption Event"
799,"2023-05-12",14,"With Adoption Event"
800,"2023-09-07",16,"With Adoption Event"
801,"2023-09-27",16,"With Adoption Event"
802,"2021-11-25",8,"With Adoption Event"
803,"2023-02-24","","Without Adoption Event"
804,"2020-03-16",2,"With Adoption Event"
805,"2020-01-08","","Without Adoption Event"
806,"2020-11-07",4,"With Adoption Event"
807,"2021-07-15",7,"With Adoption Event"
808,"2023-07-03","","Without Adoption Event"
809,"2022-05-26",10,"With Adoption Event"
810,"2021-07-28","","Without Adoption Event"
811,"2020-06-10",3,"With Adoption Event"
812,"2023-11-24",16,"With Adoption Event"
813,"2020-05-23","","Without Adoption Event"
814,"2023-02-14","","Without Adoption Event"
815,"2021-03-05","","Without Adoption Event"
816,"2023-12-28","","Without Adoption Event"
817,"2023-10-23","","Without Adoption Event"
818,"2022-12-20",12,"With Adoption Event"
819,"2023-04-12","","Without Adoption Event"
820,"2023-06-23",15,"With Adoption Event"
821,"2022-06-13",11,"With Adoption Event"
822,"2020-10-19",4,"With Adoption Event"
823,"2021-06-21","","Without Adoption Event"
824,"2023-05-16",14,"With Adoption Event"
825,"2023-11-26","","Without Adoption Event"
826,"2020-08-08",3,"With Adoption Event"
827,"2022-04-26",10,"With Adoption Event"
828,"2020-12-08","","Without Adoption Event"
829,"2023-05-14","","Without Adoption Event"
830,"2021-12-01","","Without Adoption Event"
831,"2021-07-30",7,"With Adoption Event"
832,"2022-05-28",10,"With Adoption Event"
833,"2022-06-08","","Without Adoption Event"
834,"2023-04-10","","Without Adoption Event"
835,"2023-09-05","","Without Adoption Event"
836,"2023-08-23",15,"With Adoption Event"
837,"2022-10-11","","Without Adoption Event"
838,"2022-08-02",11,"With Adoption Event"
839,"2023-09-15","","Without Adoption Event"
840,"2022-12-16",12,"With Adoption Event"
841,"2023-03-03","","Without Adoption Event"
842,"2023-11-27",16,"With Adoption Event"
843,"2022-11-05",12,"With Adoption Event"
844,"2022-11-23","","Without Adoption Event"
845,"2023-07-15",15,"With Adoption Event"
846,"2023-12-06","","Without Adoption Event"
847,"2022-06-08",11,"With Adoption Event"
848,"2021-05-20",6,"With Adoption Event"
849,"2022-11-21","","Without Adoption Event"
850,"2023-09-22","","Without Adoption Event"
851,"2022-01-22","","Without Adoption Event"
852,"2023-02-07","","Without Adoption Event"
853,"2019-11-18","","Without Adoption Event"
854,"2022-04-21","","Without Adoption Event"
855,"2023-03-25","","Without Adoption Event"
856,"2023-03-23","","Without Adoption Event"
857,"2023-08-17","","Without Adoption Event"
858,"2023-12-28","","Without Adoption Event"
859,"2023-05-04","","Without Adoption Event"
860,"2021-03-03","","Without Adoption Event"
861,"2022-02-05",9,"With Adoption Event"
862,"2021-02-25","","Without Adoption Event"
863,"2023-02-28","","Without Adoption Event"
864,"2022-06-29","","Without Adoption Event"
865,"2023-07-08","","Without Adoption Event"
866,"2022-12-14","","Without Adoption Event"
867,"2023-09-10","","Without Adoption Event"
868,"2023-01-25","","Without Adoption Event"
869,"2023-08-20",15,"With Adoption Event"
870,"2023-08-28",15,"With Adoption Event"
871,"2020-09-02",3,"With Adoption Event"
872,"2022-07-26",11,"With Adoption Event"
873,"2021-12-05",8,"With Adoption Event"
874,"2023-03-16","","Without Adoption Event"
875,"2022-12-16",12,"With Adoption Event"
876,"2023-09-04","","Without Adoption Event"
877,"2023-11-20","","Without Adoption Event"
878,"2023-12-24","","Without Adoption Event"
879,"2023-10-29",16,"With Adoption Event"
880,"2023-11-08",16,"With Adoption Event"
881,"2022-04-09","","Without Adoption Event"
882,"2023-06-14","","Without Adoption Event"
883,"2021-07-15","","Without Adoption Event"
884,"2020-04-26","","Without Adoption Event"
885,"2023-09-29","","Without Adoption Event"
886,"2022-08-29","","Without Adoption Event"
887,"2022-01-19",9,"With Adoption Event"
888,"2018-09-19","","Without Adoption Event"
889,"2023-08-26","","Without Adoption Event"
890,"2020-12-30","","Without Adoption Event"
891,"2021-05-15",6,"With Adoption Event"
892,"2020-09-23","","Without Adoption Event"
893,"2022-12-14","","Without Adoption Event"
894,"2023-08-18","","Without Adoption Event"
895,"2023-06-12",15,"With Adoption Event"
896,"2023-01-27","","Without Adoption Event"
897,"2021-11-21",8,"With Adoption Event"
898,"2021-05-17","","Without Adoption Event"
899,"2022-10-15",12,"With Adoption Event"
900,"2021-07-16",7,"With Adoption Event"
901,"2023-01-28","","Without Adoption Event"
902,"2022-10-18","","Without Adoption Event"
903,"2023-12-09","","Without Adoption Event"
904,"2023-10-15",16,"With Adoption Event"
905,"2023-06-03","","Without Adoption Event"
906,"2022-12-17","","Without Adoption Event"
907,"2020-03-18","","Without Adoption Event"
908,"2023-03-18",14,"With Adoption Event"
909,"2023-10-06","","Without Adoption Event"
910,"2023-05-21","","Without Adoption Event"
911,"2021-02-03",5,"With Adoption Event"
912,"2022-08-16",11,"With Adoption Event"
913,"2022-10-03","","Without Adoption Event"
914,"2022-10-17","","Without Adoption Event"
915,"2023-11-20","","Without Adoption Event"
916,"2023-01-29","","Without Adoption Event"
917,"2023-12-14",16,"With Adoption Event"
918,"2023-10-30",16,"With Adoption Event"
919,"2023-12-25","","Without Adoption Event"
920,"2023-01-12","","Without Adoption Event"
921,"2022-01-13",9,"With Adoption Event"
922,"2019-10-17","","Without Adoption Event"
923,"2020-06-12",3,"With Adoption Event"
924,"2023-10-24","","Without Adoption Event"
925,"2021-03-23","","Without Adoption Event"
926,"2022-05-11","","Without Adoption Event"
927,"2023-12-15","","Without Adoption Event"
928,"2023-08-17","","Without Adoption Event"
929,"2021-09-28","","Without Adoption Event"
930,"2023-12-15","","Without Adoption Event"
931,"2022-01-09","","Without Adoption Event"
932,"2021-07-31","","Without Adoption Event"
933,"2020-05-27",2,"With Adoption Event"
934,"2023-03-21","","Without Adoption Event"
935,"2020-11-21","","Without Adoption Event"
936,"2021-07-27","","Without Adoption Event"
937,"2023-07-22","","Without Adoption Event"
938,"2022-05-17",10,"With Adoption Event"
939,"2021-08-14",7,"With Adoption Event"
940,"2020-11-01","","Without Adoption Event"
941,"2022-09-13","","Without Adoption Event"
942,"2022-05-02","","Without Adoption Event"
943,"2022-08-07",11,"With Adoption Event"
944,"2022-08-06","","Without Adoption Event"
945,"2023-11-30",16,"With Adoption Event"
946,"2022-09-22","","Without Adoption Event"
947,"2022-11-13",12,"With Adoption Event"
948,"2022-11-10","","Without Adoption Event"
949,"2019-05-14","","Without Adoption Event"
950,"2023-02-05",13,"With Adoption Event"
951,"2023-11-08","","Without Adoption Event"
952,"2022-03-01",9,"With Adoption Event"
953,"2023-09-23","","Without Adoption Event"
954,"2023-10-02","","Without Adoption Event"
955,"2022-04-25","","Without Adoption Event"
956,"2023-01-20",13,"With Adoption Event"
957,"2023-12-27","","Without Adoption Event"
958,"2017-07-15","","Without Adoption Event"
959,"2023-11-26",16,"With Adoption Event"
960,"2022-10-23",12,"With Adoption Event"
961,"2018-09-25","","Without Adoption Event"
962,"2023-01-25",13,"With Adoption Event"
963,"2021-03-17","","Without Adoption Event"
964,"2023-10-08","","Without Adoption Event"
965,"2023-12-29",16,"With Adoption Event"
966,"2023-09-23","","Without Adoption Event"
967,"2023-02-02","","Without Adoption Event"
968,"2022-08-16",11,"With Adoption Event"
969,"2021-09-29","","Without Adoption Event"
970,"2022-07-26",11,"With Adoption Event"
971,"2023-05-16","","Without Adoption Event"
972,"2020-12-25","","Without Adoption Event"
973,"2023-12-14",16,"With Adoption Event"
974,"2023-03-21","","Without Adoption Event"
975,"2023-07-14","","Without Adoption Event"
976,"2023-06-27","","Without Adoption Event"
977,"2023-09-23","","Without Adoption Event"
978,"2023-03-14","","Without Adoption Event"
979,"2023-03-19","","Without Adoption Event"
980,"2022-12-26","","Without Adoption Event"
981,"2023-12-02",16,"With Adoption Event"
982,"2023-10-03","","Without Adoption Event"
983,"2022-08-09","","Without Adoption Event"
984,"2020-09-11","","Without Adoption Event"
985,"2023-12-22",16,"With Adoption Event"
986,"2022-11-02","","Without Adoption Event"
987,"2023-11-04","","Without Adoption Event"
988,"2023-10-15","","Without Adoption Event"
989,"2023-06-26","","Without Adoption Event"
990,"2023-12-21",16,"With Adoption Event"
991,"2023-08-27","","Without Adoption Event"
992,"2020-08-02","","Without Adoption Event"
993,"2022-04-14",10,"With Adoption Event"
994,"2023-01-29",13,"With Adoption Event"
995,"2021-11-12","","Without Adoption Event"
996,"2022-10-17","","Without Adoption Event"
997,"2021-05-24","","Without Adoption Event"
998,"2022-06-14",11,"With Adoption Event"
999,"2023-10-15","","Without Adoption Event"
1000,"2023-12-24","","Without Adoption Event"
1001,"2023-04-08","","Without Adoption Event"
1002,"2023-06-20",15,"With Adoption Event"
1003,"2021-03-19","","Without Adoption Event"
1004,"2023-11-12","","Without Adoption Event"
1005,"2023-05-28","","Without Adoption Event"
1006,"2020-09-04","","Without Adoption Event"
1007,"2022-11-13","","Without Adoption Event"
1008,"2020-08-13",3,"With Adoption Event"
1009,"2022-12-16",12,"With Adoption Event"
1010,"2020-01-18","","Without Adoption Event"
1011,"2023-07-20",15,"With Adoption Event"
1012,"2023-08-31","","Without Adoption Event"
1013,"2020-04-30","","Without Adoption Event"
1014,"2023-11-13","","Without Adoption Event"
1015,"2021-01-10","","Without Adoption Event"
1016,"2023-11-23",16,"With Adoption Event"
1017,"2021-06-10","","Without Adoption Event"
1018,"2022-02-03",9,"With Adoption Event"
1019,"2023-08-03",15,"With Adoption Event"
1020,"2019-07-25","","Without Adoption Event"
1021,"2020-07-03","","Without Adoption Event"
1022,"2023-06-18",15,"With Adoption Event"
1023,"2022-05-19","","Without Adoption Event"
1024,"2023-12-07","","Without Adoption Event"
1025,"2023-09-23","","Without Adoption Event"
1026,"2021-06-14","","Without Adoption Event"
1027,"2022-11-29",12,"With Adoption Event"
1028,"2023-11-25","","Without Adoption Event"
1029,"2023-10-11","","Without Adoption Event"
1030,"2023-07-09",15,"With Adoption Event"
1031,"2020-07-26","","Without Adoption Event"
1032,"2020-10-06",4,"With Adoption Event"
1033,"2022-08-08",11,"With Adoption Event"
1034,"2023-08-04","","Without Adoption Event"
1035,"2023-04-27",14,"With Adoption Event"
1036,"2023-08-07","","Without Adoption Event"
1037,"2022-03-31","","Without Adoption Event"
1038,"2020-05-04","","Without Adoption Event"
1039,"2018-07-03","","Without Adoption Event"
1040,"2023-01-16","","Without Adoption Event"
1041,"2021-03-08",6,"With Adoption Event"
1042,"2022-03-24","","Without Adoption Event"
1043,"2023-10-22","","Without Adoption Event"
1044,"2023-09-17","","Without Adoption Event"
1045,"2020-12-27",4,"With Adoption Event"
1046,"2023-12-11","","Without Adoption Event"
1047,"2020-10-14",4,"With Adoption Event"
1048,"2023-06-19","","Without Adoption Event"
1049,"2022-10-25","","Without Adoption Event"
1050,"2021-11-28","","Without Adoption Event"
1051,"2022-10-06",12,"With Adoption Event"
1052,"2021-12-26",8,"With Adoption Event"
1053,"2023-11-26",16,"With Adoption Event"
1054,"2021-07-04","","Without Adoption Event"
1055,"2022-06-24",11,"With Adoption Event"
1056,"2020-12-05","","Without Adoption Event"
1057,"2022-01-19","","Without Adoption Event"
1058,"2023-05-05","","Without Adoption Event"
1059,"2021-08-10","","Without Adoption Event"
1060,"2023-04-27","","Without Adoption Event"
1061,"2021-01-03","","Without Adoption Event"
1062,"2018-08-01","","Without Adoption Event"
1063,"2022-07-09","","Without Adoption Event"
1064,"2021-06-20","","Without Adoption Event"
1065,"2022-06-08","","Without Adoption Event"
1066,"2021-11-01",8,"With Adoption Event"
1067,"2022-03-21","","Without Adoption Event"
1068,"2023-03-29","","Without Adoption Event"
1069,"2022-08-20","","Without Adoption Event"
1070,"2020-11-09","","Without Adoption Event"
1071,"2022-03-21",10,"With Adoption Event"
1072,"2020-02-29","","Without Adoption Event"
1073,"2023-12-06",16,"With Adoption Event"
1074,"2022-03-20","","Without Adoption Event"
1075,"2023-12-19","","Without Adoption Event"
1076,"2022-04-15","","Without Adoption Event"
1077,"2023-11-20","","Without Adoption Event"
1078,"2022-09-07","","Without Adoption Event"
1079,"2023-05-28","","Without Adoption Event"
1080,"2023-09-24","","Without Adoption Event"
1081,"2023-12-31","","Without Adoption Event"
1082,"2023-04-23","","Without Adoption Event"
1083,"2021-05-11","","Without Adoption Event"
1084,"2021-06-17","","Without Adoption Event"
1085,"2023-07-22","","Without Adoption Event"
1086,"2022-06-26","","Without Adoption Event"
1087,"2022-02-03","","Without Adoption Event"
1088,"2019-10-04","","Without Adoption Event"
1089,"2023-12-29",16,"With Adoption Event"
1090,"2023-02-13","","Without Adoption Event"
1091,"2023-06-20","","Without Adoption Event"
1092,"2023-02-25","","Without Adoption Event"
1093,"2022-12-12",12,"With Adoption Event"
1094,"2022-06-14","","Without Adoption Event"
1095,"2023-04-13","","Without Adoption Event"
1096,"2023-04-18",14,"With Adoption Event"
1097,"2022-12-02","","Without Adoption Event"
1098,"2022-12-23","","Without Adoption Event"
1099,"2020-03-20","","Without Adoption Event"
1100,"2022-10-01","","Without Adoption Event"
1101,"2020-05-01","","Without Adoption Event"
1102,"2019-12-21","","Without Adoption Event"
1103,"2021-09-30",8,"With Adoption Event"
1104,"2023-09-16","","Without Adoption Event"
1105,"2023-07-16","","Without Adoption Event"
1106,"2021-11-10","","Without Adoption Event"
1107,"2023-08-19","","Without Adoption Event"
1108,"2023-05-03",14,"With Adoption Event"
1109,"2023-10-01",16,"With Adoption Event"
1110,"2023-11-26",16,"With Adoption Event"
1111,"2022-05-17","","Without Adoption Event"
1112,"2022-06-20",11,"With Adoption Event"
1113,"2022-11-10","","Without Adoption Event"
1114,"2023-09-20",16,"With Adoption Event"
1115,"2022-07-07",11,"With Adoption Event"
1116,"2023-04-29","","Without Adoption Event"
1117,"2023-07-30","","Without Adoption Event"
1118,"2021-04-10",6,"With Adoption Event"
1119,"2022-03-27",10,"With Adoption Event"
1120,"2023-09-27","","Without Adoption Event"
1121,"2022-12-08",12,"With Adoption Event"
1122,"2023-07-03",15,"With Adoption Event"
1123,"2020-10-23","","Without Adoption Event"
1124,"2021-11-15",8,"With Adoption Event"
1125,"2022-05-24",10,"With Adoption Event"
1126,"2023-05-31","","Without Adoption Event"
1127,"2023-12-05","","Without Adoption Event"
1128,"2022-12-13","","Without Adoption Event"
1129,"2023-04-13","","Without Adoption Event"
1130,"2023-11-30","","Without Adoption Event"
1131,"2023-12-29",16,"With Adoption Event"
1132,"2023-11-07","","Without Adoption Event"
1133,"2023-08-07","","Without Adoption Event"
1134,"2023-04-01","","Without Adoption Event"
1135,"2023-05-08","","Without Adoption Event"
1136,"2023-11-22",16,"With Adoption Event"
1137,"2021-09-24","","Without Adoption Event"
1138,"2021-08-08","","Without Adoption Event"
1139,"2023-08-20","","Without Adoption Event"
1140,"2021-12-22",8,"With Adoption Event"
1141,"2021-07-29","","Without Adoption Event"
1142,"2022-04-20","","Without Adoption Event"
1143,"2022-04-03","","Without Adoption Event"
1144,"2023-01-23",13,"With Adoption Event"
1145,"2021-12-26","","Without Adoption Event"
1146,"2023-11-12",16,"With Adoption Event"
1147,"2023-06-15","","Without Adoption Event"
1148,"2023-12-31",16,"With Adoption Event"
1149,"2023-04-11","","Without Adoption Event"
1150,"2023-10-17",16,"With Adoption Event"
1151,"2023-11-09","","Without Adoption Event"
1152,"2023-12-11",16,"With Adoption Event"
1153,"2023-10-24","","Without Adoption Event"
1154,"2022-02-19",9,"With Adoption Event"
1155,"2021-08-06","","Without Adoption Event"
1156,"2023-12-23",16,"With Adoption Event"
1157,"2021-06-29","","Without Adoption Event"
1158,"2023-04-09","","Without Adoption Event"
1159,"2023-02-17","","Without Adoption Event"
1160,"2022-09-04",11,"With Adoption Event"
1161,"2018-05-20","","Without Adoption Event"
1162,"2023-03-09","","Without Adoption Event"
1163,"2018-03-16","","Without Adoption Event"
1164,"2023-05-29","","Without Adoption Event"
1165,"2019-09-01","","Without Adoption Event"
1166,"2021-12-18","","Without Adoption Event"
1167,"2023-09-23","","Without Adoption Event"
1168,"2018-09-06","","Without Adoption Event"
1169,"2023-04-12",14,"With Adoption Event"
1170,"2022-12-30",12,"With Adoption Event"
1171,"2020-02-19",1,"With Adoption Event"
1172,"2022-07-11","","Without Adoption Event"
1173,"2023-05-28",14,"With Adoption Event"
1174,"2023-01-02","","Without Adoption Event"
1175,"2018-12-02","","Without Adoption Event"
1176,"2021-09-16",8,"With Adoption Event"
1177,"2023-09-05",16,"With Adoption Event"
1178,"2021-02-12","","Without Adoption Event"
1179,"2023-04-29",14,"With Adoption Event"
1180,"2022-06-24","","Without Adoption Event"
1181,"2021-08-22","","Without Adoption Event"
1182,"2023-12-17","","Without Adoption Event"
1183,"2022-02-17",9,"With Adoption Event"
1184,"2019-12-09","","Without Adoption Event"
1185,"2021-07-20","","Without Adoption Event"
1186,"2023-10-13",16,"With Adoption Event"
1187,"2022-06-17","","Without Adoption Event"
1188,"2022-11-11","","Without Adoption Event"
1189,"2019-12-18","","Without Adoption Event"
1190,"2023-11-28",16,"With Adoption Event"
1191,"2020-10-16","","Without Adoption Event"
1192,"2023-11-16","","Without Adoption Event"
1193,"2023-02-06","","Without Adoption Event"
1194,"2023-06-28","","Without Adoption Event"
1195,"2021-12-14",8,"With Adoption Event"
1196,"2023-03-19",14,"With Adoption Event"
1197,"2022-11-27",12,"With Adoption Event"
1198,"2020-06-15","","Without Adoption Event"
1199,"2020-10-07",4,"With Adoption Event"
1200,"2023-08-14","","Without Adoption Event"
1201,"2022-06-23","","Without Adoption Event"
1202,"2022-07-15","","Without Adoption Event"
1203,"2022-08-02","","Without Adoption Event"
1204,"2023-12-31","","Without Adoption Event"
1205,"2023-05-09",14,"With Adoption Event"
1206,"2023-01-01",12,"With Adoption Event"
1207,"2023-11-21",16,"With Adoption Event"
1208,"2023-09-06","","Without Adoption Event"
1209,"2023-10-28",16,"With Adoption Event"
1210,"2021-12-12","","Without Adoption Event"
1211,"2022-02-27","","Without Adoption Event"
1212,"2023-02-12",13,"With Adoption Event"
1213,"2022-07-03","","Without Adoption Event"
1214,"2022-04-11","","Without Adoption Event"
1215,"2023-09-18","","Without Adoption Event"
1216,"2023-08-03","","Without Adoption Event"
1217,"2023-12-10","","Without Adoption Event"
1218,"2023-05-18","","Without Adoption Event"
1219,"2020-12-09","","Without Adoption Event"
1220,"2023-07-18","","Without Adoption Event"
1221,"2022-04-07","","Without Adoption Event"
1222,"2021-03-15",6,"With Adoption Event"
1223,"2023-08-20","","Without Adoption Event"
1224,"2021-12-23","","Without Adoption Event"
1225,"2023-07-26","","Without Adoption Event"
1226,"2023-01-10",13,"With Adoption Event"
1227,"2019-09-16","","Without Adoption Event"
1228,"2023-08-09","","Without Adoption Event"
1229,"2023-10-09",16,"With Adoption Event"
1230,"2023-10-16","","Without Adoption Event"
1231,"2023-11-24","","Without Adoption Event"
1232,"2020-10-16",4,"With Adoption Event"
1233,"2023-09-15","","Without Adoption Event"
1234,"2023-02-27",13,"With Adoption Event"
1235,"2023-12-30","","Without Adoption Event"
1236,"2022-11-25",12,"With Adoption Event"
1237,"2022-05-24",10,"With Adoption Event"
1238,"2018-11-26","","Without Adoption Event"
1239,"2021-08-05","","Without Adoption Event"
1240,"2020-09-04","","Without Adoption Event"
1241,"2023-11-07","","Without Adoption Event"
1242,"2023-12-26","","Without Adoption Event"
1243,"2022-12-22","","Without Adoption Event"
1244,"2022-12-03",12,"With Adoption Event"
1245,"2022-12-24",12,"With Adoption Event"
1246,"2019-07-21","","Without Adoption Event"
1247,"2023-11-21",16,"With Adoption Event"
1248,"2023-09-02",15,"With Adoption Event"
1249,"2020-01-02","","Without Adoption Event"
1250,"2021-11-25","","Without Adoption Event"
1251,"2021-10-23",8,"With Adoption Event"
1252,"2020-12-21","","Without Adoption Event"
1253,"2021-03-17","","Without Adoption Event"
1254,"2023-11-16","","Without Adoption Event"
1255,"2023-05-08","","Without Adoption Event"
1256,"2023-10-13","","Without Adoption Event"
1257,"2020-07-03","","Without Adoption Event"
1258,"2021-02-06","","Without Adoption Event"
1259,"2020-09-07",4,"With Adoption Event"
1260,"2023-08-17","","Without Adoption Event"
1261,"2023-09-12","","Without Adoption Event"
1262,"2021-05-18","","Without Adoption Event"
1263,"2019-12-02","","Without Adoption Event"
1264,"2023-12-13","","Without Adoption Event"
1265,"2023-07-15",15,"With Adoption Event"
1266,"2023-02-19",13,"With Adoption Event"
1267,"2023-05-27",14,"With Adoption Event"
1268,"2023-10-28","","Without Adoption Event"
1269,"2019-07-13","","Without Adoption Event"
1270,"2022-12-21",12,"With Adoption Event"
1271,"2022-11-25","","Without Adoption Event"
1272,"2022-03-07",10,"With Adoption Event"
1273,"2022-02-15","","Without Adoption Event"
1274,"2023-03-21",14,"With Adoption Event"
1275,"2021-01-05","","Without Adoption Event"
1276,"2023-12-31","","Without Adoption Event"
1277,"2022-03-06",10,"With Adoption Event"
1278,"2018-12-23","","Without Adoption Event"
1279,"2022-03-13","","Without Adoption Event"
1280,"2022-06-20","","Without Adoption Event"
1281,"2020-08-22","","Without Adoption Event"
1282,"2021-10-06",8,"With Adoption Event"
1283,"2023-07-19","","Without Adoption Event"
1284,"2023-11-10",16,"With Adoption Event"
1285,"2018-11-23","","Without Adoption Event"
1286,"2021-07-01","","Without Adoption Event"
1287,"2023-07-04","","Without Adoption Event"
1288,"2022-11-20","","Without Adoption Event"
1289,"2023-11-20","","Without Adoption Event"
1290,"2023-06-10","","Without Adoption Event"
1291,"2022-12-20","","Without Adoption Event"
1292,"2023-01-05","","Without Adoption Event"
1293,"2023-07-12",15,"With Adoption Event"
1294,"2023-06-13",15,"With Adoption Event"
1295,"2023-10-09",16,"With Adoption Event"
1296,"2023-08-07",15,"With Adoption Event"
1297,"2023-01-19",13,"With Adoption Event"
1298,"2023-04-01","","Without Adoption Event"
1299,"2020-08-23","","Without Adoption Event"
1300,"2023-09-12","","Without Adoption Event"
1301,"2022-07-21","","Without Adoption Event"
1302,"2023-01-29",13,"With Adoption Event"
1303,"2023-11-28","","Without Adoption Event"
1304,"2023-09-03","","Without Adoption Event"
1305,"2021-11-16",8,"With Adoption Event"
1306,"2022-04-20",10,"With Adoption Event"
1307,"2023-11-26","","Without Adoption Event"
1308,"2023-07-01","","Without Adoption Event"
1309,"2023-11-27","","Without Adoption Event"
1310,"2023-10-03",16,"With Adoption Event"
1311,"2021-10-10","","Without Adoption Event"
1312,"2023-01-22",13,"With Adoption Event"
1313,"2022-01-14","","Without Adoption Event"
1314,"2020-12-31","","Without Adoption Event"
1315,"2023-11-21","","Without Adoption Event"
1316,"2022-12-12","","Without Adoption Event"
1317,"2023-02-15","","Without Adoption Event"
1318,"2023-08-07",15,"With Adoption Event"
1319,"2023-10-07",16,"With Adoption Event"
1320,"2022-11-21",12,"With Adoption Event"
1321,"2023-08-20","","Without Adoption Event"
1322,"2021-02-20",5,"With Adoption Event"
1323,"2020-11-18",4,"With Adoption Event"
1324,"2022-10-09","","Without Adoption Event"
1325,"2023-06-24",15,"With Adoption Event"
1326,"2021-10-14",8,"With Adoption Event"
1327,"2021-06-19","","Without Adoption Event"
1328,"2023-10-01",16,"With Adoption Event"
1329,"2021-10-09","","Without Adoption Event"
1330,"2023-11-25","","Without Adoption Event"
1331,"2023-08-12","","Without Adoption Event"
1332,"2020-11-22",4,"With Adoption Event"
1333,"2021-09-25","","Without Adoption Event"
1334,"2020-08-13","","Without Adoption Event"
1335,"2021-07-28","","Without Adoption Event"
1336,"2023-10-01","","Without Adoption Event"
1337,"2022-04-11","","Without Adoption Event"
1338,"2023-03-20","","Without Adoption Event"
1339,"2022-04-02","","Without Adoption Event"
1340,"2021-10-27",8,"With Adoption Event"
1341,"2023-06-25","","Without Adoption Event"
1342,"2018-12-14","","Without Adoption Event"
1343,"2023-11-12","","Without Adoption Event"
1344,"2023-10-10",16,"With Adoption Event"
1345,"2019-12-11","","Without Adoption Event"
1346,"2022-03-12",10,"With Adoption Event"
1347,"2022-11-30","","Without Adoption Event"
1348,"2023-12-09",16,"With Adoption Event"
1349,"2022-05-12","","Without Adoption Event"
1350,"2019-08-21","","Without Adoption Event"
1351,"2020-10-09",4,"With Adoption Event"
1352,"2022-03-06",10,"With Adoption Event"
1353,"2023-06-20","","Without Adoption Event"
1354,"2023-10-24","","Without Adoption Event"
1355,"2020-05-28",2,"With Adoption Event"
1356,"2023-10-24",16,"With Adoption Event"
1357,"2023-02-02",13,"With Adoption Event"
1358,"2022-07-21",11,"With Adoption Event"
1359,"2023-10-24",16,"With Adoption Event"
1360,"2022-06-21","","Without Adoption Event"
1361,"2023-04-11",14,"With Adoption Event"
1362,"2023-02-21",13,"With Adoption Event"
1363,"2023-12-24","","Without Adoption Event"
1364,"2023-09-26","","Without Adoption Event"
1365,"2023-09-02",15,"With Adoption Event"
1366,"2022-03-30","","Without Adoption Event"
1367,"2023-01-16","","Without Adoption Event"
1368,"2021-12-12",8,"With Adoption Event"
1369,"2022-09-05","","Without Adoption Event"
1370,"2019-11-14","","Without Adoption Event"
1371,"2022-12-28","","Without Adoption Event"
1372,"2021-12-06","","Without Adoption Event"
1373,"2021-03-09",6,"With Adoption Event"
1374,"2021-07-20",7,"With Adoption Event"
1375,"2023-08-10",15,"With Adoption Event"
1376,"2023-10-25","","Without Adoption Event"
1377,"2022-04-29","","Without Adoption Event"
1378,"2023-07-10","","Without Adoption Event"
1379,"2023-11-06","","Without Adoption Event"
1380,"2022-03-09","","Without Adoption Event"
1381,"2023-05-15","","Without Adoption Event"
1382,"2023-06-06","","Without Adoption Event"
1383,"2023-11-05","","Without Adoption Event"
1384,"2022-11-03","","Without Adoption Event"
1385,"2023-12-02","","Without Adoption Event"
1386,"2021-04-08","","Without Adoption Event"
1387,"2019-09-04","","Without Adoption Event"
1388,"2021-06-07","","Without Adoption Event"
1389,"2023-06-16",15,"With Adoption Event"
1390,"2023-02-11","","Without Adoption Event"
1391,"2023-12-31","","Without Adoption Event"
1392,"2023-04-24",14,"With Adoption Event"
1393,"2023-03-02",13,"With Adoption Event"
1394,"2023-03-24","","Without Adoption Event"
1395,"2022-02-17","","Without Adoption Event"
1396,"2023-05-01","","Without Adoption Event"
1397,"2023-04-24","","Without Adoption Event"
1398,"2020-12-24","","Without Adoption Event"
1399,"2019-12-15","","Without Adoption Event"
1400,"2021-01-07",5,"With Adoption Event"
1401,"2022-12-07",12,"With Adoption Event"
1402,"2022-12-31","","Without Adoption Event"
1403,"2021-08-15",7,"With Adoption Event"
1404,"2018-11-01","","Without Adoption Event"
1405,"2022-07-18","","Without Adoption Event"
1406,"2022-02-23",9,"With Adoption Event"
1407,"2022-08-24",11,"With Adoption Event"
1408,"2022-08-31",11,"With Adoption Event"
1409,"2021-08-26",7,"With Adoption Event"
1410,"2023-11-13","","Without Adoption Event"
1411,"2023-12-25",16,"With Adoption Event"
1412,"2023-10-08","","Without Adoption Event"
1413,"2023-12-02","","Without Adoption Event"
1414,"2023-05-08",14,"With Adoption Event"
1415,"2023-12-23","","Without Adoption Event"
1416,"2023-12-15","","Without Adoption Event"
1417,"2022-06-02",10,"With Adoption Event"
1418,"2023-04-27","","Without Adoption Event"
1419,"2020-03-20",2,"With Adoption Event"
1420,"2023-11-20","","Without Adoption Event"
1421,"2022-08-08","","Without Adoption Event"
1422,"2019-11-18","","Without Adoption Event"
1423,"2023-12-01","","Without Adoption Event"
1424,"2022-03-16","","Without Adoption Event"
1425,"2021-09-25",8,"With Adoption Event"
1426,"2023-11-18",16,"With Adoption Event"
1427,"2022-11-13","","Without Adoption Event"
1428,"2023-06-06","","Without Adoption Event"
1429,"2023-11-09",16,"With Adoption Event"
1430,"2019-09-02","","Without Adoption Event"
1431,"2023-02-01","","Without Adoption Event"
1432,"2022-04-30","","Without Adoption Event"
1433,"2022-06-14","","Without Adoption Event"
1434,"2022-10-20",12,"With Adoption Event"
1435,"2020-11-14","","Without Adoption Event"
1436,"2022-02-23","","Without Adoption Event"
1437,"2022-10-09","","Without Adoption Event"
1438,"2022-11-06","","Without Adoption Event"
1439,"2020-12-30",4,"With Adoption Event"
1440,"2023-04-12","","Without Adoption Event"
1441,"2022-04-28",10,"With Adoption Event"
1442,"2023-10-08",16,"With Adoption Event"
1443,"2023-10-11",16,"With Adoption Event"
1444,"2020-04-29","","Without Adoption Event"
1445,"2023-06-07",15,"With Adoption Event"
1446,"2021-06-09",7,"With Adoption Event"
1447,"2022-03-29",10,"With Adoption Event"
1448,"2020-06-26","","Without Adoption Event"
1449,"2020-12-23","","Without Adoption Event"
1450,"2023-06-23","","Without Adoption Event"
1451,"2023-10-06","","Without Adoption Event"
1452,"2021-05-03","","Without Adoption Event"
1453,"2021-05-27","","Without Adoption Event"
1454,"2019-09-05","","Without Adoption Event"
1455,"2019-08-16","","Without Adoption Event"
1456,"2023-06-13","","Without Adoption Event"
1457,"2022-04-06",10,"With Adoption Event"
1458,"2023-06-07","","Without Adoption Event"
1459,"2022-10-03","","Without Adoption Event"
1460,"2023-06-22",15,"With Adoption Event"
1461,"2023-04-05","","Without Adoption Event"
1462,"2022-10-22","","Without Adoption Event"
1463,"2023-05-19",14,"With Adoption Event"
1464,"2020-08-07",3,"With Adoption Event"
1465,"2023-02-27","","Without Adoption Event"
1466,"2023-11-06","","Without Adoption Event"
1467,"2022-04-02","","Without Adoption Event"
1468,"2022-09-03","","Without Adoption Event"
1469,"2018-10-06","","Without Adoption Event"
1470,"2023-08-16",15,"With Adoption Event"
1471,"2022-05-29",10,"With Adoption Event"
1472,"2023-11-02",16,"With Adoption Event"
1473,"2023-04-12","","Without Adoption Event"
1474,"2023-08-14","","Without Adoption Event"
1475,"2020-05-13","","Without Adoption Event"
1476,"2023-11-02",16,"With Adoption Event"
1477,"2021-06-26","","Without Adoption Event"
1478,"2023-10-26",16,"With Adoption Event"
1479,"2020-12-28",4,"With Adoption Event"
1480,"2023-12-11","","Without Adoption Event"
1481,"2022-10-30","","Without Adoption Event"
1482,"2020-09-16","","Without Adoption Event"
1483,"2021-12-14","","Without Adoption Event"
1484,"2023-09-24","","Without Adoption Event"
1485,"2022-11-23",12,"With Adoption Event"
1486,"2023-06-18",15,"With Adoption Event"
1487,"2023-11-16","","Without Adoption Event"
1488,"2023-07-02",15,"With Adoption Event"
1489,"2023-03-15",14,"With Adoption Event"
1490,"2022-03-11",10,"With Adoption Event"
1491,"2022-10-13",12,"With Adoption Event"
1492,"2023-12-08",16,"With Adoption Event"
1493,"2022-07-17","","Without Adoption Event"
1494,"2020-11-08",4,"With Adoption Event"
1495,"2023-09-10","","Without Adoption Event"
1496,"2023-07-05","","Without Adoption Event"
1497,"2022-02-17",9,"With Adoption Event"
1498,"2019-08-23","","Without Adoption Event"
1499,"2023-08-21","","Without Adoption Event"
1500,"2023-05-27","","Without Adoption Event"
1501,"2019-10-21","","Without Adoption Event"
1502,"2020-06-05","","Without Adoption Event"
1503,"2021-08-29","","Without Adoption Event"
1504,"2021-09-09","","Without Adoption Event"
1505,"2023-12-08","","Without Adoption Event"
1506,"2022-10-18","","Without Adoption Event"
1507,"2023-06-23",15,"With Adoption Event"
1508,"2023-12-23",16,"With Adoption Event"
1509,"2022-09-02",11,"With Adoption Event"
1510,"2021-12-05",8,"With Adoption Event"
1511,"2023-05-05",14,"With Adoption Event"
1512,"2021-10-27","","Without Adoption Event"
1513,"2022-07-30",11,"With Adoption Event"
1514,"2021-03-27","","Without Adoption Event"
1515,"2020-06-12","","Without Adoption Event"
1516,"2022-01-16","","Without Adoption Event"
1517,"2020-12-23","","Without Adoption Event"
1518,"2023-10-09","","Without Adoption Event"
1519,"2021-12-09","","Without Adoption Event"
1520,"2020-03-10",2,"With Adoption Event"
1521,"2023-12-28",16,"With Adoption Event"
1522,"2023-11-22","","Without Adoption Event"
1523,"2023-06-20",15,"With Adoption Event"
1524,"2023-12-19","","Without Adoption Event"
1525,"2020-11-30","","Without Adoption Event"
1526,"2023-03-29","","Without Adoption Event"
1527,"2023-04-06",14,"With Adoption Event"
1528,"2019-03-11","","Without Adoption Event"
1529,"2021-11-02",8,"With Adoption Event"
1530,"2023-08-05",15,"With Adoption Event"
1531,"2023-03-16",14,"With Adoption Event"
1532,"2021-06-13","","Without Adoption Event"
1533,"2021-01-21","","Without Adoption Event"
1534,"2019-01-11","","Without Adoption Event"
1535,"2021-09-18",8,"With Adoption Event"
1536,"2023-03-18",14,"With Adoption Event"
1537,"2021-04-16","","Without Adoption Event"
1538,"2023-08-18","","Without Adoption Event"
1539,"2022-03-03","","Without Adoption Event"
1540,"2023-01-29","","Without Adoption Event"
1541,"2023-10-28","","Without Adoption Event"
1542,"2023-04-29","","Without Adoption Event"
1543,"2022-10-10",12,"With Adoption Event"
1544,"2023-12-02","","Without Adoption Event"
1545,"2023-04-13","","Without Adoption Event"
1546,"2020-07-08","","Without Adoption Event"
1547,"2023-01-14",13,"With Adoption Event"
1548,"2022-05-18",10,"With Adoption Event"
1549,"2020-05-10","","Without Adoption Event"
1550,"2023-12-12",16,"With Adoption Event"
1551,"2020-08-25","","Without Adoption Event"
1552,"2023-12-18",16,"With Adoption Event"
1553,"2023-03-21","","Without Adoption Event"
1554,"2023-09-20","","Without Adoption Event"
1555,"2023-10-29","","Without Adoption Event"
1556,"2023-01-28","","Without Adoption Event"
1557,"2023-08-13",15,"With Adoption Event"
1558,"2023-09-27",16,"With Adoption Event"
1559,"2021-09-03","","Without Adoption Event"
1560,"2023-09-12","","Without Adoption Event"
1561,"2021-07-01",7,"With Adoption Event"
1562,"2022-12-24","","Without Adoption Event"
